"","out_filename","filename","filepath","n_measurements","log_interval","date_min","date_max","date_lab","temp_min","temp_max","hobo","ibutton","formatted","datetime","tz","year","stand","plot","calibration","snow_appearance_date","snow_disappearance_date","snow_cover_duration","minimum_soil_temp","flag_sensor_fail","flag_temp_high","flag_temp_low","flag_high_calib","flag_no_snow","flag_short_record","flagged","SDDDOY"
"1","MLS_soil_GB-1668-02_2016-09-2017-09.csv","GB-1668-02","/Users/meeralee/Google Drive/Research/Microclimate/data/Microclimate data/2016-2017 Soil/GB-1668-02.csv",4464,2,"2016-09-07 17:00:00","2017-09-14 15:00:00","2016-09-2017-09",0.01,15.664,TRUE,FALSE,FALSE,FALSE,"PDT",2017,"soil","GB-1668-02",0.294702141900937,"2016-10-11","2017-06-26",244,0.01,FALSE,FALSE,FALSE,FALSE,FALSE,FALSE,FALSE,177
"2","MLS_soil_GB-1668-03_2016-09-2017-09.csv","GB-1668-03","/Users/meeralee/Google Drive/Research/Microclimate/data/Microclimate data/2016-2017 Soil/GB-1668-03.csv",4464,2,"2016-09-07 17:00:00","2017-09-14 15:00:00","2016-09-2017-09",0.01,26.195,TRUE,FALSE,FALSE,FALSE,"PDT",2017,"soil","GB-1668-03",0.240671218487395,"2016-10-10","2017-06-23",238,0.01,FALSE,FALSE,FALSE,FALSE,FALSE,FALSE,FALSE,174
"3","MLS_soil_GB-1668-04_2016-09-2017-09.csv","GB-1668-04","/Users/meeralee/Google Drive/Research/Microclimate/data/Microclimate data/2016-2017 Soil/GB-1668-04.csv",4464,2,"2016-09-07 17:00:00","2017-09-14 15:00:00","2016-09-2017-09",0.121,27.173,TRUE,FALSE,FALSE,FALSE,"PDT",2017,"soil","GB-1668-04",0.294030913978495,"2016-10-10","2017-07-01",246,0.121,FALSE,FALSE,FALSE,FALSE,FALSE,FALSE,FALSE,182
"4","MLS_soil_GB-1668-05_2016-09-2017-09.csv","GB-1668-05","/Users/meeralee/Google Drive/Research/Microclimate/data/Microclimate data/2016-2017 Soil/GB-1668-05.csv",4464,2,"2016-09-07 17:00:00","2017-09-14 15:00:00","2016-09-2017-09",0.121,28.555,TRUE,FALSE,FALSE,FALSE,"PDT",2017,"soil","GB-1668-05",0.20071393557423,"2016-10-10","2017-06-27",238,0.121,FALSE,FALSE,FALSE,FALSE,FALSE,FALSE,FALSE,178
"5","MLS_soil_GB-1668-06_2016-09-2017-09.csv","GB-1668-06","/Users/meeralee/Google Drive/Research/Microclimate/data/Microclimate data/2016-2017 Soil/GB-1668-06.csv",4464,2,"2016-09-07 17:00:00","2017-09-14 15:00:00","2016-09-2017-09",0.01,30.054,TRUE,FALSE,FALSE,FALSE,"PDT",2017,"soil","GB-1668-06",0.165227800546448,"2016-10-11","2017-06-30",243,0.01,FALSE,FALSE,FALSE,FALSE,FALSE,FALSE,FALSE,181
"6","MLS_soil_GB-1668-07_2016-09-2017-09.csv","GB-1668-07","/Users/meeralee/Google Drive/Research/Microclimate/data/Microclimate data/2016-2017 Soil/GB-1668-07.csv",4464,2,"2016-09-07 17:00:00","2017-09-14 15:00:00","2016-09-2017-09",0.01,19.758,TRUE,FALSE,FALSE,FALSE,"PDT",2017,"soil","GB-1668-07",0.177030161691542,"2016-10-11","2017-07-07",268,0.01,FALSE,FALSE,FALSE,FALSE,FALSE,FALSE,FALSE,188
"7","MLS_soil_GB-1668-07_2017-09-2018-09.csv","GB-1668-07","/Users/meeralee/Google Drive/Research/Microclimate/data/Microclimate data/2017-2018 Soil/GB-1668-07.csv",4305,2,"2017-09-15 19:00:00","2018-09-09 11:00:00","2017-09-2018-09",0.121,25.708,TRUE,FALSE,FALSE,FALSE,"PDT",2018,"soil","GB-1668-07",0.339558243727599,"2017-10-03","2018-07-04",273,0.121,FALSE,FALSE,FALSE,FALSE,FALSE,FALSE,FALSE,185
"8","MLS_soil_GB-1668-08_2016-09-2017-09.csv","GB-1668-08","/Users/meeralee/Google Drive/Research/Microclimate/data/Microclimate data/2016-2017 Soil/GB-1668-08.csv",4464,2,"2016-09-07 17:00:00","2017-09-14 15:00:00","2016-09-2017-09",0.232,20.234,TRUE,FALSE,FALSE,FALSE,"PDT",2017,"soil","GB-1668-08",0.288893656716418,"2016-10-11","2017-07-07",268,0.232,FALSE,FALSE,FALSE,FALSE,FALSE,FALSE,FALSE,188
"9","MLS_soil_GB-1668-09_2016-09-2017-09.csv","GB-1668-09","/Users/meeralee/Google Drive/Research/Microclimate/data/Microclimate data/2016-2017 Soil/GB-1668-09.csv",4464,2,"2016-09-07 17:00:00","2017-09-14 15:00:00","2016-09-2017-09",0.121,30.76,TRUE,FALSE,FALSE,FALSE,"PDT",2017,"soil","GB-1668-09",0.282013836477987,"2016-10-11","2017-07-05",265,0.121,FALSE,FALSE,FALSE,FALSE,FALSE,FALSE,FALSE,186
"10","MLS_soil_GB-1668-1_2017-09-2018-09.csv","GB-1668-1","/Users/meeralee/Google Drive/Research/Microclimate/data/Microclimate data/2017-2018 Soil/GB-1668-1.csv",4305,2,"2017-09-15 19:00:00","2018-09-09 11:00:00","2017-09-2018-09",0.232,26.292,TRUE,FALSE,FALSE,FALSE,"PDT",2018,"soil","GB-1668-1",0.680023712737127,"2017-10-09","2018-06-15",240,0.232,FALSE,FALSE,FALSE,FALSE,FALSE,FALSE,FALSE,166
"11","MLS_soil_GB-1668-2_2017-09-2018-09.csv","GB-1668-2","/Users/meeralee/Google Drive/Research/Microclimate/data/Microclimate data/2017-2018 Soil/GB-1668-2.csv",4305,2,"2017-09-15 19:00:00","2018-09-09 11:00:00","2017-09-2018-09",0.121,25.319,TRUE,FALSE,FALSE,FALSE,"PDT",2018,"soil","GB-1668-2",0.370460544217687,"2017-09-20","2018-06-14",243,0.121,FALSE,FALSE,FALSE,FALSE,FALSE,FALSE,FALSE,165
"12","MLS_soil_GB-1668-3_2017-09-2018-09.csv","GB-1668-3","/Users/meeralee/Google Drive/Research/Microclimate/data/Microclimate data/2017-2018 Soil/GB-1668-3.csv",4304,2,"2017-09-15 19:00:00","2018-09-09 09:00:00","2017-09-2018-09",-0.102,26.195,TRUE,FALSE,FALSE,FALSE,"PDT",2018,"soil","GB-1668-3",0.40083069828722,"2017-09-20","2018-06-14",251,-0.102,FALSE,FALSE,FALSE,FALSE,FALSE,FALSE,FALSE,165
"13","MLS_soil_GB-1668-4_2017-09-2018-09.csv","GB-1668-4","/Users/meeralee/Google Drive/Research/Microclimate/data/Microclimate data/2017-2018 Soil/GB-1668-4.csv",4305,2,"2017-09-15 19:00:00","2018-09-09 11:00:00","2017-09-2018-09",0.232,27.665,TRUE,FALSE,FALSE,FALSE,"PDT",2018,"soil","GB-1668-4",0.354719871794872,"2017-09-20","2018-06-21",259,0.232,FALSE,FALSE,FALSE,FALSE,FALSE,FALSE,FALSE,172
"14","MLS_soil_GB-1668-5_2017-09-2018-09.csv","GB-1668-5","/Users/meeralee/Google Drive/Research/Microclimate/data/Microclimate data/2017-2018 Soil/GB-1668-5.csv",4305,2,"2017-09-15 19:00:00","2018-09-09 11:00:00","2017-09-2018-09",0.121,30.054,TRUE,FALSE,FALSE,FALSE,"PDT",2018,"soil","GB-1668-5",0.281089215686275,"2017-09-20","2018-06-18",255,0.121,FALSE,FALSE,FALSE,FALSE,FALSE,FALSE,FALSE,169
"15","MLS_soil_GB-1668-6_2017-09-2018-09.csv","GB-1668-6","/Users/meeralee/Google Drive/Research/Microclimate/data/Microclimate data/2017-2018 Soil/GB-1668-6.csv",4305,2,"2017-09-15 19:00:00","2018-09-09 11:00:00","2017-09-2018-09",0.121,33.118,TRUE,FALSE,FALSE,FALSE,"PDT",2018,"soil","GB-1668-6",0.263765564202335,"2017-09-20","2018-06-19",257,0.121,FALSE,FALSE,FALSE,FALSE,FALSE,FALSE,FALSE,170
"16","MLS_soil_GB-1668-8_2017-09-2018-09.csv","GB-1668-8","/Users/meeralee/Google Drive/Research/Microclimate/data/Microclimate data/2017-2018 Soil/GB-1668-8.csv",4304,2,"2017-09-15 19:00:00","2018-09-09 09:00:00","2017-09-2018-09",0.121,26.195,TRUE,FALSE,FALSE,FALSE,"PDT",2018,"soil","GB-1668-8",0.28482518115942,"2017-09-20","2018-07-02",273,0.121,FALSE,FALSE,FALSE,FALSE,FALSE,FALSE,FALSE,183
"17","MLS_soil_GB-1740-01_2016-09-2017-09.csv","GB-1740-01","/Users/meeralee/Google Drive/Research/Microclimate/data/Microclimate data/2016-2017 Soil/GB-1740-01.csv",4464,2,"2016-09-07 17:00:00","2017-09-14 15:00:00","2016-09-2017-09",0.121,26.195,TRUE,FALSE,FALSE,FALSE,"PDT",2017,"soil","GB-1740-01",0.442980842911877,"2016-10-11","2017-07-02",259,0.121,FALSE,FALSE,FALSE,FALSE,FALSE,FALSE,FALSE,183
"18","MLS_soil_GB-1740-02_2016-09-2017-09.csv","GB-1740-02","/Users/meeralee/Google Drive/Research/Microclimate/data/Microclimate data/2016-2017 Soil/GB-1740-02.csv",4464,2,"2016-09-07 17:00:00","2017-09-14 15:00:00","2016-09-2017-09",0.232,28.754,TRUE,FALSE,FALSE,FALSE,"PDT",2017,"soil","GB-1740-02",0.314237642585551,"2016-10-11","2017-07-03",263,0.232,FALSE,FALSE,FALSE,FALSE,FALSE,FALSE,FALSE,184
"19","MLS_soil_GB-1740-03_2016-09-2017-09.csv","GB-1740-03","/Users/meeralee/Google Drive/Research/Microclimate/data/Microclimate data/2016-2017 Soil/GB-1740-03.csv",4464,2,"2016-09-07 17:00:00","2017-09-14 15:00:00","2016-09-2017-09",-0.325,37.494,TRUE,FALSE,FALSE,FALSE,"PDT",2017,"soil","GB-1740-03",0.209372395833333,"2016-10-15","2017-06-29",256,-0.325,FALSE,FALSE,FALSE,FALSE,FALSE,FALSE,FALSE,180
"20","MLS_soil_GB-1740-04_2016-09-2017-09.csv","GB-1740-04","/Users/meeralee/Google Drive/Research/Microclimate/data/Microclimate data/2016-2017 Soil/GB-1740-04.csv",4464,2,"2016-09-07 17:00:00","2017-09-14 15:00:00","2016-09-2017-09",0.121,24.835,TRUE,FALSE,FALSE,FALSE,"PDT",2017,"soil","GB-1740-04",0.210020356234097,"2016-10-11","2017-07-03",262,0.121,FALSE,FALSE,FALSE,FALSE,FALSE,FALSE,FALSE,184
"21","MLS_soil_GB-1740-05_2016-09-2017-09.csv","GB-1740-05","/Users/meeralee/Google Drive/Research/Microclimate/data/Microclimate data/2016-2017 Soil/GB-1740-05.csv",4464,2,"2016-09-07 17:00:00","2017-09-14 15:00:00","2016-09-2017-09",0.01,19.187,TRUE,FALSE,FALSE,FALSE,"PDT",2017,"soil","GB-1740-05",0.181333955223881,"2016-10-11","2017-07-07",268,0.01,FALSE,FALSE,FALSE,FALSE,FALSE,FALSE,FALSE,188
"22","MLS_soil_GB-1740-06_2016-09-2017-09.csv","GB-1740-06","/Users/meeralee/Google Drive/Research/Microclimate/data/Microclimate data/2016-2017 Soil/GB-1740-06.csv",4464,2,"2016-09-07 17:00:00","2017-09-14 15:00:00","2016-09-2017-09",-2.962,43.238,TRUE,FALSE,FALSE,FALSE,"PDT",2017,"soil","GB-1740-06",0.265134664131812,"2016-10-11","2017-07-01",262,-2.962,FALSE,FALSE,FALSE,FALSE,FALSE,FALSE,FALSE,182
"23","MLS_soil_GB-1740-07_2016-09-2017-09.csv","GB-1740-07","/Users/meeralee/Google Drive/Research/Microclimate/data/Microclimate data/2016-2017 Soil/GB-1740-07.csv",4464,2,"2016-09-07 17:00:00","2017-09-14 15:00:00","2016-09-2017-09",-0.102,34.796,TRUE,FALSE,FALSE,FALSE,"PDT",2017,"soil","GB-1740-07",0.254705026455026,"2016-10-10","2017-06-25",252,-0.102,FALSE,FALSE,FALSE,FALSE,FALSE,FALSE,FALSE,176
"24","MLS_soil_GB-1740-08_2016-09-2017-09.csv","GB-1740-08","/Users/meeralee/Google Drive/Research/Microclimate/data/Microclimate data/2016-2017 Soil/GB-1740-08.csv",4464,2,"2016-09-07 17:00:00","2017-09-14 15:00:00","2016-09-2017-09",0.121,21.473,TRUE,FALSE,FALSE,FALSE,"PDT",2017,"soil","GB-1740-08",0.450088383838384,"2016-10-11","2017-07-06",259,0.121,FALSE,FALSE,FALSE,FALSE,FALSE,FALSE,FALSE,187
"25","MLS_soil_GB-1740-09_2016-09-2017-09.csv","GB-1740-09","/Users/meeralee/Google Drive/Research/Microclimate/data/Microclimate data/2016-2017 Soil/GB-1740-09.csv",4464,2,"2016-09-07 17:00:00","2017-09-14 15:00:00","2016-09-2017-09",0.121,29.752,TRUE,FALSE,FALSE,FALSE,"PDT",2017,"soil","GB-1740-09",0.509344839609484,"2016-10-16","2017-06-26",237,0.121,FALSE,FALSE,FALSE,FALSE,FALSE,FALSE,FALSE,177
"26","MLS_soil_GB-1740-1_2017-09-2018-09.csv","GB-1740-1","/Users/meeralee/Google Drive/Research/Microclimate/data/Microclimate data/2017-2018 Soil/GB-1740-1.csv",4305,2,"2017-09-15 19:00:00","2018-09-09 11:00:00","2017-09-2018-09",0.121,25.513,TRUE,FALSE,FALSE,FALSE,"PDT",2018,"soil","GB-1740-1",0.323638381995134,"2017-09-19","2018-06-26",273,0.121,FALSE,FALSE,FALSE,FALSE,FALSE,FALSE,FALSE,177
"27","MLS_soil_GB-1740-2_2017-09-2018-09.csv","GB-1740-2","/Users/meeralee/Google Drive/Research/Microclimate/data/Microclimate data/2017-2018 Soil/GB-1740-2.csv",4305,2,"2017-09-15 19:00:00","2018-09-09 11:00:00","2017-09-2018-09",0.121,28.06,TRUE,FALSE,FALSE,FALSE,"PDT",2018,"soil","GB-1740-2",0.321688644688645,"2017-09-20","2018-06-28",272,0.121,FALSE,FALSE,FALSE,FALSE,FALSE,FALSE,FALSE,179
"28","MLS_soil_GB-1740-3_2017-09-2018-09.csv","GB-1740-3","/Users/meeralee/Google Drive/Research/Microclimate/data/Microclimate data/2017-2018 Soil/GB-1740-3.csv",4305,2,"2017-09-15 19:00:00","2018-09-09 11:00:00","2017-09-2018-09",0.121,28.159,TRUE,FALSE,FALSE,FALSE,"PDT",2018,"soil","GB-1740-3",0.318035353535354,"2017-09-20","2018-06-23",263,0.121,FALSE,FALSE,FALSE,FALSE,FALSE,FALSE,FALSE,174
"29","MLS_soil_GB-1740-4_2017-09-2018-09.csv","GB-1740-4","/Users/meeralee/Google Drive/Research/Microclimate/data/Microclimate data/2017-2018 Soil/GB-1740-4.csv",4305,2,"2017-09-15 19:00:00","2018-09-09 11:00:00","2017-09-2018-09",0.121,26.292,TRUE,FALSE,FALSE,FALSE,"PDT",2018,"soil","GB-1740-4",0.30723743872549,"2017-09-20","2018-06-25",270,0.121,FALSE,FALSE,FALSE,FALSE,FALSE,FALSE,FALSE,176
"30","MLS_soil_GB-1740-6_2017-09-2018-09.csv","GB-1740-6","/Users/meeralee/Google Drive/Research/Microclimate/data/Microclimate data/2017-2018 Soil/GB-1740-6.csv",4305,2,"2017-09-15 19:00:00","2018-09-09 11:00:00","2017-09-2018-09",0.121,27.468,TRUE,FALSE,FALSE,FALSE,"PDT",2018,"soil","GB-1740-6",0.281973958333333,"2017-09-20","2018-06-24",270,0.121,FALSE,FALSE,FALSE,FALSE,FALSE,FALSE,FALSE,175
"31","MLS_soil_GB-1740-7_2017-09-2018-09.csv","GB-1740-7","/Users/meeralee/Google Drive/Research/Microclimate/data/Microclimate data/2017-2018 Soil/GB-1740-7.csv",4305,2,"2017-09-15 19:00:00","2018-09-09 11:00:00","2017-09-2018-09",0.232,25.125,TRUE,FALSE,FALSE,FALSE,"PDT",2018,"soil","GB-1740-7",0.416208808618504,"2017-09-21","2018-06-18",260,0.232,FALSE,FALSE,FALSE,FALSE,FALSE,FALSE,FALSE,169
"32","MLS_soil_GB-1740-8_2017-09-2018-09.csv","GB-1740-8","/Users/meeralee/Google Drive/Research/Microclimate/data/Microclimate data/2017-2018 Soil/GB-1740-8.csv",4305,2,"2017-09-15 19:00:00","2018-09-09 11:00:00","2017-09-2018-09",0.232,25.708,TRUE,FALSE,FALSE,FALSE,"PDT",2018,"soil","GB-1740-8",0.418211768219833,"2017-09-20","2018-06-30",278,0.232,FALSE,FALSE,FALSE,FALSE,FALSE,FALSE,FALSE,181
"33","MLS_soil_GB-1740-9_2017-09-2018-09.csv","GB-1740-9","/Users/meeralee/Google Drive/Research/Microclimate/data/Microclimate data/2017-2018 Soil/GB-1740-9.csv",4305,2,"2017-09-15 19:00:00","2018-09-09 11:00:00","2017-09-2018-09",0.232,25.61,TRUE,FALSE,FALSE,FALSE,"PDT",2018,"soil","GB-1740-9",0.609858300907912,"2017-09-21","2018-06-19",252,0.232,FALSE,FALSE,FALSE,FALSE,FALSE,FALSE,FALSE,170
"34","MLS_soil_GB-1809-01_2016-09-2017-09.csv","GB-1809-01","/Users/meeralee/Google Drive/Research/Microclimate/data/Microclimate data/2016-2017 Soil/GB-1809-01.csv",4465,2,"2016-09-07 17:00:00","2017-09-14 17:00:00","2016-09-2017-09",0.121,23.773,TRUE,FALSE,FALSE,FALSE,"PDT",2017,"soil","GB-1809-01",0.240398366013072,"2016-10-11","2017-06-27",254,0.121,FALSE,FALSE,FALSE,FALSE,FALSE,FALSE,FALSE,178
"35","MLS_soil_GB-1809-02_2016-09-2017-09.csv","GB-1809-02","/Users/meeralee/Google Drive/Research/Microclimate/data/Microclimate data/2016-2017 Soil/GB-1809-02.csv",4465,2,"2016-09-07 17:00:00","2017-09-14 17:00:00","2016-09-2017-09",0.121,20.805,TRUE,FALSE,FALSE,FALSE,"PDT",2017,"soil","GB-1809-02",0.267113488975357,"2016-10-11","2017-07-03",257,0.121,FALSE,FALSE,FALSE,FALSE,FALSE,FALSE,FALSE,184
"36","MLS_soil_GB-1809-03_2016-09-2017-09.csv","GB-1809-03","/Users/meeralee/Google Drive/Research/Microclimate/data/Microclimate data/2016-2017 Soil/GB-1809-03.csv",4465,2,"2016-09-07 17:00:00","2017-09-14 17:00:00","2016-09-2017-09",0.121,24.351,TRUE,FALSE,FALSE,FALSE,"PDT",2017,"soil","GB-1809-03",0.203591346153846,"2016-10-11","2017-06-29",259,0.121,FALSE,FALSE,FALSE,FALSE,FALSE,FALSE,FALSE,180
"37","MLS_soil_GB-1809-04_2016-09-2017-09.csv","GB-1809-04","/Users/meeralee/Google Drive/Research/Microclimate/data/Microclimate data/2016-2017 Soil/GB-1809-04.csv",4453,2,"2016-09-08 17:00:00","2017-09-14 17:00:00","2016-09-2017-09",0.121,34.374,TRUE,FALSE,FALSE,FALSE,"PDT",2017,"soil","GB-1809-04",0.213556571815718,"2016-10-15","2017-06-25",246,0.121,FALSE,FALSE,FALSE,FALSE,FALSE,FALSE,FALSE,176
"38","MLS_soil_GB-1809-06_2016-09-2017-09.csv","GB-1809-06","/Users/meeralee/Google Drive/Research/Microclimate/data/Microclimate data/2016-2017 Soil/GB-1809-06.csv",4465,2,"2016-09-07 17:00:00","2017-09-14 17:00:00","2016-09-2017-09",0.121,20.138,TRUE,FALSE,FALSE,FALSE,"PDT",2017,"soil","GB-1809-06",0.428017759562842,"2016-10-11","2017-06-24",243,0.121,FALSE,FALSE,FALSE,FALSE,FALSE,FALSE,FALSE,175
"39","MLS_soil_GB-1809-08_2016-09-2017-09.csv","GB-1809-08","/Users/meeralee/Google Drive/Research/Microclimate/data/Microclimate data/2016-2017 Soil/GB-1809-08.csv",4465,2,"2016-09-07 17:00:00","2017-09-14 17:00:00","2016-09-2017-09",-0.102,26.683,TRUE,FALSE,FALSE,FALSE,"PDT",2017,"soil","GB-1809-08",1.00505455153949,"2016-10-16","2017-06-20",212,-0.102,FALSE,FALSE,FALSE,FALSE,FALSE,FALSE,FALSE,171
"40","MLS_soil_GB-1809-09_2016-09-2017-09.csv","GB-1809-09","/Users/meeralee/Google Drive/Research/Microclimate/data/Microclimate data/2016-2017 Soil/GB-1809-09.csv",4465,2,"2016-09-07 17:00:00","2017-09-14 17:00:00","2016-09-2017-09",-3.553,39.163,TRUE,FALSE,FALSE,FALSE,"PDT",2017,"soil","GB-1809-09",0.523303861788618,"2016-10-16","2017-06-27",243,-3.553,FALSE,FALSE,FALSE,FALSE,FALSE,FALSE,FALSE,178
"41","MLS_soil_GB-1809-1_2017-09-2018-09.csv","GB-1809-1","/Users/meeralee/Google Drive/Research/Microclimate/data/Microclimate data/2017-2018 Soil/GB-1809-1.csv",4328,2,"2017-09-13 19:00:00","2018-09-09 09:00:00","2017-09-2018-09",0.121,29.652,TRUE,FALSE,FALSE,FALSE,"PDT",2018,"soil","GB-1809-1",0.421035625774473,"2017-09-19","2018-06-18",268,0.121,FALSE,FALSE,FALSE,FALSE,FALSE,FALSE,FALSE,169
"42","MLS_soil_GB-1809-2_2017-09-2018-09.csv","GB-1809-2","/Users/meeralee/Google Drive/Research/Microclimate/data/Microclimate data/2017-2018 Soil/GB-1809-2.csv",4305,2,"2017-09-15 19:00:00","2018-09-09 11:00:00","2017-09-2018-09",0.121,26.195,TRUE,FALSE,FALSE,FALSE,"PDT",2018,"soil","GB-1809-2",0.261060012437811,"2017-09-20","2018-06-21",267,0.121,FALSE,FALSE,FALSE,FALSE,FALSE,FALSE,FALSE,172
"43","MLS_soil_GB-1809-3_2017-09-2018-09.csv","GB-1809-3","/Users/meeralee/Google Drive/Research/Microclimate/data/Microclimate data/2017-2018 Soil/GB-1809-3.csv",4305,2,"2017-09-15 19:00:00","2018-09-09 11:00:00","2017-09-2018-09",0.01,25.513,TRUE,FALSE,FALSE,FALSE,"PDT",2018,"soil","GB-1809-3",0.202065740740741,"2017-09-19","2018-06-21",269,0.01,FALSE,FALSE,FALSE,FALSE,FALSE,FALSE,FALSE,172
"44","MLS_soil_GB-1809-5_2017-09-2018-09.csv","GB-1809-5","/Users/meeralee/Google Drive/Research/Microclimate/data/Microclimate data/2017-2018 Soil/GB-1809-5.csv",4305,2,"2017-09-15 19:00:00","2018-09-09 11:00:00","2017-09-2018-09",-3.792,36.079,TRUE,FALSE,FALSE,FALSE,"PDT",2018,"soil","GB-1809-5",0.223523533950617,"2017-09-19","2018-06-10",216,-3.792,FALSE,FALSE,FALSE,FALSE,FALSE,FALSE,FALSE,161
"45","MLS_soil_GB-1809-6_2017-09-2018-09.csv","GB-1809-6","/Users/meeralee/Google Drive/Research/Microclimate/data/Microclimate data/2017-2018 Soil/GB-1809-6.csv",4329,2,"2017-09-13 19:00:00","2018-09-09 11:00:00","2017-09-2018-09",0.121,26.585,TRUE,FALSE,FALSE,FALSE,"PDT",2018,"soil","GB-1809-6",0.562688333333333,"2017-09-20","2018-06-11",247,0.121,FALSE,FALSE,FALSE,FALSE,FALSE,FALSE,FALSE,162
"46","MLS_soil_GB-1809-7_2017-09-2018-09.csv","GB-1809-7","/Users/meeralee/Google Drive/Research/Microclimate/data/Microclimate data/2017-2018 Soil/GB-1809-7.csv",4329,2,"2017-09-13 19:00:00","2018-09-09 11:00:00","2017-09-2018-09",0.01,28.853,TRUE,FALSE,FALSE,FALSE,"PDT",2018,"soil","GB-1809-7",0.553661605937922,"2017-10-03","2018-06-05",238,0.01,FALSE,FALSE,FALSE,FALSE,FALSE,FALSE,FALSE,156
"47","MLS_soil_GB-1809-8_2017-09-2018-09.csv","GB-1809-8","/Users/meeralee/Google Drive/Research/Microclimate/data/Microclimate data/2017-2018 Soil/GB-1809-8.csv",4305,2,"2017-09-15 19:00:00","2018-09-09 11:00:00","2017-09-2018-09",0.232,25.125,TRUE,FALSE,FALSE,FALSE,"PDT",2018,"soil","GB-1809-8",0.90973547979798,"2017-10-11","2018-06-19",245,0.232,FALSE,FALSE,FALSE,FALSE,FALSE,FALSE,FALSE,170
"48","MLS_soil_GB-1809-9_2017-09-2018-09.csv","GB-1809-9","/Users/meeralee/Google Drive/Research/Microclimate/data/Microclimate data/2017-2018 Soil/GB-1809-9.csv",4305,2,"2017-09-15 19:00:00","2018-09-09 11:00:00","2017-09-2018-09",0.232,26.585,TRUE,FALSE,FALSE,FALSE,"PDT",2018,"soil","GB-1809-9",0.641023092369478,"2017-10-11","2018-06-17",242,0.232,FALSE,FALSE,FALSE,FALSE,FALSE,FALSE,FALSE,168
"49","MLS_soil_GB-1940-01_2016-09-2017-09.csv","GB-1940-01","/Users/meeralee/Google Drive/Research/Microclimate/data/Microclimate data/2016-2017 Soil/GB-1940-01.csv",4498,2,"2016-09-08 17:00:00","2017-09-18 11:00:00","2016-09-2017-09",0.121,27.862,TRUE,FALSE,FALSE,FALSE,"PDT",2017,"soil","GB-1940-01",0.307204963235294,"2016-10-11","2017-07-07",268,0.121,FALSE,FALSE,FALSE,FALSE,FALSE,FALSE,FALSE,188
"50","MLS_soil_GB-1940-02_2016-09-2017-09.csv","GB-1940-02","/Users/meeralee/Google Drive/Research/Microclimate/data/Microclimate data/2016-2017 Soil/GB-1940-02.csv",4498,2,"2016-09-08 17:00:00","2017-09-18 11:00:00","2016-09-2017-09",0.232,21.951,TRUE,FALSE,FALSE,FALSE,"PDT",2017,"soil","GB-1940-02",0.455759639303483,"2016-10-16","2017-07-06",264,0.232,FALSE,FALSE,FALSE,FALSE,FALSE,FALSE,FALSE,187
"51","MLS_soil_GB-1940-03_2016-09-2017-09.csv","GB-1940-03","/Users/meeralee/Google Drive/Research/Microclimate/data/Microclimate data/2016-2017 Soil/GB-1940-03.csv",4498,2,"2016-09-08 17:00:00","2017-09-18 11:00:00","2016-09-2017-09",0.121,40.071,TRUE,FALSE,FALSE,FALSE,"PDT",2017,"soil","GB-1940-03",0.266407760814249,"2016-10-15","2017-07-01",260,0.121,FALSE,FALSE,FALSE,FALSE,FALSE,FALSE,FALSE,182
"52","MLS_soil_GB-1940-04_2016-09-2017-09.csv","GB-1940-04","/Users/meeralee/Google Drive/Research/Microclimate/data/Microclimate data/2016-2017 Soil/GB-1940-04.csv",4498,2,"2016-09-08 17:00:00","2017-09-18 11:00:00","2016-09-2017-09",0.232,26.488,TRUE,FALSE,FALSE,FALSE,"PDT",2017,"soil","GB-1940-04",0.671583333333333,"2016-10-15","2017-06-16",222,0.232,FALSE,FALSE,FALSE,FALSE,FALSE,FALSE,FALSE,167
"53","MLS_soil_GB-1940-05_2016-09-2017-09.csv","GB-1940-05","/Users/meeralee/Google Drive/Research/Microclimate/data/Microclimate data/2016-2017 Soil/GB-1940-05.csv",4498,2,"2016-09-08 17:00:00","2017-09-18 11:00:00","2016-09-2017-09",0.121,26.585,TRUE,FALSE,FALSE,FALSE,"PDT",2017,"soil","GB-1940-05",0.316716025641026,"2016-10-11","2017-06-27",258,0.121,FALSE,FALSE,FALSE,FALSE,FALSE,FALSE,FALSE,178
"54","MLS_soil_GB-1940-06_2016-09-2017-09.csv","GB-1940-06","/Users/meeralee/Google Drive/Research/Microclimate/data/Microclimate data/2016-2017 Soil/GB-1940-06.csv",4498,2,"2016-09-08 17:00:00","2017-09-18 11:00:00","2016-09-2017-09",0.121,21.378,TRUE,FALSE,FALSE,FALSE,"PDT",2017,"soil","GB-1940-06",0.384371156211562,"2016-09-13","2017-07-04",267,0.121,FALSE,FALSE,FALSE,FALSE,FALSE,FALSE,FALSE,185
"55","MLS_soil_GB-1940-07_2016-09-2017-09.csv","GB-1940-07","/Users/meeralee/Google Drive/Research/Microclimate/data/Microclimate data/2016-2017 Soil/GB-1940-07.csv",4498,2,"2016-09-08 17:00:00","2017-09-18 11:00:00","2016-09-2017-09",0.121,27.173,TRUE,FALSE,FALSE,FALSE,"PDT",2017,"soil","GB-1940-07",0.428214241293532,"2016-10-12","2017-07-03",263,0.121,FALSE,FALSE,FALSE,FALSE,FALSE,FALSE,FALSE,184
"56","MLS_soil_GB-1940-08_2016-09-2017-09.csv","GB-1940-08","/Users/meeralee/Google Drive/Research/Microclimate/data/Microclimate data/2016-2017 Soil/GB-1940-08.csv",4498,2,"2016-09-08 17:00:00","2017-09-18 11:00:00","2016-09-2017-09",0.01,25.125,TRUE,FALSE,FALSE,FALSE,"PDT",2017,"soil","GB-1940-08",0.226671102661597,"2016-10-12","2017-06-29",259,0.01,FALSE,FALSE,FALSE,FALSE,FALSE,FALSE,FALSE,180
"57","MLS_soil_GB-1940-09_2016-09-2017-09.csv","GB-1940-09","/Users/meeralee/Google Drive/Research/Microclimate/data/Microclimate data/2016-2017 Soil/GB-1940-09.csv",4498,2,"2016-09-08 17:00:00","2017-09-18 11:00:00","2016-09-2017-09",0.121,21.473,TRUE,FALSE,FALSE,FALSE,"PDT",2017,"soil","GB-1940-09",0.326191890166028,"2016-10-11","2017-06-29",260,0.121,FALSE,FALSE,FALSE,FALSE,FALSE,FALSE,FALSE,180
"58","MLS_soil_GB-1940-1_2017-09-2018-09.csv","GB-1940-1","/Users/meeralee/Google Drive/Research/Microclimate/data/Microclimate data/2017-2018 Soil/GB-1940-1.csv",4304,2,"2017-09-15 19:00:00","2018-09-09 09:00:00","2017-09-2018-09",0.121,36.728,TRUE,FALSE,FALSE,FALSE,"PDT",2018,"soil","GB-1940-1",0.290838253382534,"2017-09-20","2018-06-22",269,0.121,FALSE,FALSE,FALSE,FALSE,FALSE,FALSE,FALSE,173
"59","MLS_soil_GB-1940-2_2017-09-2018-09.csv","GB-1940-2","/Users/meeralee/Google Drive/Research/Microclimate/data/Microclimate data/2017-2018 Soil/GB-1940-2.csv",4305,2,"2017-09-15 19:00:00","2018-09-09 11:00:00","2017-09-2018-09",0.121,35.756,TRUE,FALSE,FALSE,FALSE,"PDT",2018,"soil","GB-1940-2",0.245961977186312,"2017-09-20","2018-06-23",262,0.121,FALSE,FALSE,FALSE,FALSE,FALSE,FALSE,FALSE,174
"60","MLS_soil_GB-1940-3_2017-09-2018-09.csv","GB-1940-3","/Users/meeralee/Google Drive/Research/Microclimate/data/Microclimate data/2017-2018 Soil/GB-1940-3.csv",4305,2,"2017-09-15 19:00:00","2018-09-09 11:00:00","2017-09-2018-09",0.121,37.165,TRUE,FALSE,FALSE,FALSE,"PDT",2018,"soil","GB-1940-3",0.300400961538462,"2017-09-20","2018-06-19",258,0.121,FALSE,FALSE,FALSE,FALSE,FALSE,FALSE,FALSE,170
"61","MLS_soil_GB-1940-4_2017-09-2018-09.csv","GB-1940-4","/Users/meeralee/Google Drive/Research/Microclimate/data/Microclimate data/2017-2018 Soil/GB-1940-4.csv",4305,2,"2017-09-15 19:00:00","2018-09-09 11:00:00","2017-09-2018-09",0.343,38.714,TRUE,FALSE,FALSE,FALSE,"PDT",2018,"soil","GB-1940-4",0.924794140030441,"2017-10-11","2018-05-04",174,0.343,FALSE,FALSE,FALSE,FALSE,FALSE,FALSE,FALSE,124
"62","MLS_soil_GB-1940-5_2017-09-2018-09.csv","GB-1940-5","/Users/meeralee/Google Drive/Research/Microclimate/data/Microclimate data/2017-2018 Soil/GB-1940-5.csv",4304,2,"2017-09-15 19:00:00","2018-09-09 09:00:00","2017-09-2018-09",0.121,28.754,TRUE,FALSE,FALSE,FALSE,"PDT",2018,"soil","GB-1940-5",0.298629874213836,"2017-09-21","2018-06-19",263,0.121,FALSE,FALSE,FALSE,FALSE,FALSE,FALSE,FALSE,170
"63","MLS_soil_GB-1940-7_2017-09-2018-09.csv","GB-1940-7","/Users/meeralee/Google Drive/Research/Microclimate/data/Microclimate data/2017-2018 Soil/GB-1940-7.csv",4304,2,"2017-09-15 19:00:00","2018-09-09 09:00:00","2017-09-2018-09",0.121,37.494,TRUE,FALSE,FALSE,FALSE,"PDT",2018,"soil","GB-1940-7",0.298147828863346,"2017-09-20","2018-06-19",260,0.121,FALSE,FALSE,FALSE,FALSE,FALSE,FALSE,FALSE,170
"64","MLS_soil_GB-1940-8_2017-09-2018-09.csv","GB-1940-8","/Users/meeralee/Google Drive/Research/Microclimate/data/Microclimate data/2017-2018 Soil/GB-1940-8.csv",4304,2,"2017-09-15 19:00:00","2018-09-09 09:00:00","2017-09-2018-09",0.121,26.39,TRUE,FALSE,FALSE,FALSE,"PDT",2018,"soil","GB-1940-8",0.356710526315789,"2017-09-24","2018-06-20",262,0.121,FALSE,FALSE,FALSE,FALSE,FALSE,FALSE,FALSE,171
"65","MLS_soil_GB-1940-9_2017-09-2018-09.csv","GB-1940-9","/Users/meeralee/Google Drive/Research/Microclimate/data/Microclimate data/2017-2018 Soil/GB-1940-9.csv",4304,2,"2017-09-15 19:00:00","2018-09-09 09:00:00","2017-09-2018-09",0.121,26.683,TRUE,FALSE,FALSE,FALSE,"PDT",2018,"soil","GB-1940-9",0.321564078282828,"2017-09-20","2018-06-17",261,0.121,FALSE,FALSE,FALSE,FALSE,FALSE,FALSE,FALSE,168
"66","MLS_soil_GB-1940-A2_2016-09-2017-09.csv","GB-1940-A2","/Users/meeralee/Google Drive/Research/Microclimate/data/Microclimate data/2016-2017 Soil/GB-1940-A2.csv",4405,2,"2016-09-16 11:00:00","2017-09-18 11:00:00","2016-09-2017-09",-18.854,27.961,TRUE,FALSE,FALSE,FALSE,"PDT",2017,"soil","GB-1940-A2",17.8708333333333,NA,NA,0,-18.854,FALSE,FALSE,FALSE,TRUE,TRUE,FALSE,TRUE,NA
"67","MLS_soil_GB-2020-01_2016-09-2017-09.csv","GB-2020-01","/Users/meeralee/Google Drive/Research/Microclimate/data/Microclimate data/2016-2017 Soil/GB-2020-01.csv",4498,2,"2016-09-08 17:00:00","2017-09-18 11:00:00","2016-09-2017-09",0.121,21.282,TRUE,FALSE,FALSE,FALSE,"PDT",2017,"soil","GB-2020-01",0.37123131127451,"2016-10-11","2017-07-04",267,0.121,FALSE,FALSE,FALSE,FALSE,FALSE,FALSE,FALSE,185
"68","MLS_soil_GB-2020-04_2016-09-2017-09.csv","GB-2020-04","/Users/meeralee/Google Drive/Research/Microclimate/data/Microclimate data/2016-2017 Soil/GB-2020-04.csv",4498,2,"2016-09-08 17:00:00","2017-09-18 11:00:00","2016-09-2017-09",0.121,32.807,TRUE,FALSE,FALSE,FALSE,"PDT",2017,"soil","GB-2020-04",0.216097985347985,"2016-10-11","2017-07-09",271,0.121,FALSE,FALSE,FALSE,FALSE,FALSE,FALSE,FALSE,190
"69","MLS_soil_GB-2020-04_2017-09-2018-09.csv","GB-2020-04","/Users/meeralee/Google Drive/Research/Microclimate/data/Microclimate data/2017-2018 Soil/GB-2020-04.csv",4305,2,"2017-09-15 17:00:00","2018-09-09 09:00:00","2017-09-2018-09",-0.774,36.946,TRUE,FALSE,FALSE,FALSE,"PDT",2018,"soil","GB-2020-04",0.160841975308642,"2017-09-19","2018-06-25",269,-0.774,FALSE,FALSE,FALSE,FALSE,FALSE,FALSE,FALSE,176
"70","MLS_soil_GB-2020-05_2016-09-2017-09.csv","GB-2020-05","/Users/meeralee/Google Drive/Research/Microclimate/data/Microclimate data/2016-2017 Soil/GB-2020-05.csv",4498,2,"2016-09-08 17:00:00","2017-09-18 11:00:00","2016-09-2017-09",0.121,36.62,TRUE,FALSE,FALSE,FALSE,"PDT",2017,"soil","GB-2020-05",0.248853939393939,"2016-10-05","2017-07-09",273,0.121,FALSE,FALSE,FALSE,FALSE,FALSE,FALSE,FALSE,190
"71","MLS_soil_GB-2020-05_2017-09-2018-09.csv","GB-2020-05","/Users/meeralee/Google Drive/Research/Microclimate/data/Microclimate data/2017-2018 Soil/GB-2020-05.csv",4306,2,"2017-09-15 17:00:00","2018-09-09 11:00:00","2017-09-2018-09",0.121,32.394,TRUE,FALSE,FALSE,FALSE,"PDT",2018,"soil","GB-2020-05",0.205042883211679,"2017-09-19","2018-06-25",273,0.121,FALSE,FALSE,FALSE,FALSE,FALSE,FALSE,FALSE,176
"72","MLS_soil_GB-2020-06_2016-09-2017-09.csv","GB-2020-06","/Users/meeralee/Google Drive/Research/Microclimate/data/Microclimate data/2016-2017 Soil/GB-2020-06.csv",4498,2,"2016-09-08 17:00:00","2017-09-18 11:00:00","2016-09-2017-09",0.121,21.76,TRUE,FALSE,FALSE,FALSE,"PDT",2017,"soil","GB-2020-06",0.349834242424242,"2016-10-12","2017-07-09",271,0.121,FALSE,FALSE,FALSE,FALSE,FALSE,FALSE,FALSE,190
"73","MLS_soil_GB-2020-06_2017-09-2018-09.csv","GB-2020-06","/Users/meeralee/Google Drive/Research/Microclimate/data/Microclimate data/2017-2018 Soil/GB-2020-06.csv",4306,2,"2017-09-15 17:00:00","2018-09-09 11:00:00","2017-09-2018-09",0.01,26.39,TRUE,FALSE,FALSE,FALSE,"PDT",2018,"soil","GB-2020-06",0.271302919708029,"2017-09-21","2018-06-26",271,0.01,FALSE,FALSE,FALSE,FALSE,FALSE,FALSE,FALSE,177
"74","MLS_soil_GB-2020-07_2016-09-2017-09.csv","GB-2020-07","/Users/meeralee/Google Drive/Research/Microclimate/data/Microclimate data/2016-2017 Soil/GB-2020-07.csv",4498,2,"2016-09-08 17:00:00","2017-09-18 11:00:00","2016-09-2017-09",0.232,29.853,TRUE,FALSE,FALSE,FALSE,"PDT",2017,"soil","GB-2020-07",0.282099442379182,"2016-10-15","2017-07-08",267,0.232,FALSE,FALSE,FALSE,FALSE,FALSE,FALSE,FALSE,189
"75","MLS_soil_GB-2020-07_2017-09-2018-09.csv","GB-2020-07","/Users/meeralee/Google Drive/Research/Microclimate/data/Microclimate data/2017-2018 Soil/GB-2020-07.csv",4306,2,"2017-09-15 17:00:00","2018-09-09 11:00:00","2017-09-2018-09",0.121,35.649,TRUE,FALSE,FALSE,FALSE,"PDT",2018,"soil","GB-2020-07",0.215791353383459,"2017-09-20","2018-06-27",264,0.121,FALSE,FALSE,FALSE,FALSE,FALSE,FALSE,FALSE,178
"76","MLS_soil_GB-2020-08_2016-09-2017-09.csv","GB-2020-08","/Users/meeralee/Google Drive/Research/Microclimate/data/Microclimate data/2016-2017 Soil/GB-2020-08.csv",4498,2,"2016-09-08 17:00:00","2017-09-18 11:00:00","2016-09-2017-09",0.121,22.238,TRUE,FALSE,FALSE,FALSE,"PDT",2017,"soil","GB-2020-08",0.309960446859903,"2016-10-12","2017-07-12",272,0.121,FALSE,FALSE,FALSE,FALSE,FALSE,FALSE,FALSE,193
"77","MLS_soil_GB-2020-08_2017-09-2018-09.csv","GB-2020-08","/Users/meeralee/Google Drive/Research/Microclimate/data/Microclimate data/2017-2018 Soil/GB-2020-08.csv",4305,2,"2017-09-15 17:00:00","2018-09-09 09:00:00","2017-09-2018-09",0.232,27.567,TRUE,FALSE,FALSE,FALSE,"PDT",2018,"soil","GB-2020-08",0.326471014492754,"2017-09-22","2018-07-02",272,0.232,FALSE,FALSE,FALSE,FALSE,FALSE,FALSE,FALSE,183
"78","MLS_soil_GB-2020-09_2016-09-2017-09.csv","GB-2020-09","/Users/meeralee/Google Drive/Research/Microclimate/data/Microclimate data/2016-2017 Soil/GB-2020-09.csv",4498,2,"2016-09-08 17:00:00","2017-09-18 11:00:00","2016-09-2017-09",0.121,22.333,TRUE,FALSE,FALSE,FALSE,"PDT",2017,"soil","GB-2020-09",0.4084625,"2016-10-12","2017-07-12",274,0.121,FALSE,FALSE,FALSE,FALSE,FALSE,FALSE,FALSE,193
"79","MLS_soil_GB-2020-1_2017-09-2018-09.csv","GB-2020-1","/Users/meeralee/Google Drive/Research/Microclimate/data/Microclimate data/2017-2018 Soil/GB-2020-1.csv",4304,2,"2017-09-15 19:00:00","2018-09-09 09:00:00","2017-09-2018-09",0.121,58.964,TRUE,FALSE,FALSE,FALSE,"PDT",2018,"soil","GB-2020-1",0.285461254612546,"2017-09-20","2018-06-23",270,0.121,FALSE,FALSE,FALSE,FALSE,FALSE,FALSE,FALSE,174
"80","MLS_soil_GB-2020-3_2017-09-2018-09.csv","GB-2020-3","/Users/meeralee/Google Drive/Research/Microclimate/data/Microclimate data/2017-2018 Soil/GB-2020-3.csv",4305,2,"2017-09-15 19:00:00","2018-09-09 11:00:00","2017-09-2018-09",0.232,34.163,TRUE,FALSE,FALSE,FALSE,"PDT",2018,"soil","GB-2020-3",0.401695424836601,"2017-10-08","2018-06-13",249,0.232,FALSE,FALSE,FALSE,FALSE,FALSE,FALSE,FALSE,164
"81","MLS_soil_PA-1490-01_2016-08-2017-09.csv","PA-1490-01","/Users/meeralee/Google Drive/Research/Microclimate/data/Microclimate data/2016-2017 Soil/PA-1490-01.csv",4478,2,"2016-08-29 16:00:00","2017-09-06 18:00:00","2016-08-2017-09",0.121,26.781,TRUE,FALSE,FALSE,FALSE,"PDT",2017,"soil","PA-1490-01",0.50297695035461,"2016-10-18","2017-06-28",228,0.121,FALSE,FALSE,FALSE,FALSE,FALSE,FALSE,FALSE,179
"82","MLS_soil_PA-1490-02_2016-08-2017-09.csv","PA-1490-02","/Users/meeralee/Google Drive/Research/Microclimate/data/Microclimate data/2016-2017 Soil/PA-1490-02.csv",4477,2,"2016-08-29 17:00:00","2017-09-06 17:00:00","2016-08-2017-09",0.232,28.159,TRUE,FALSE,FALSE,FALSE,"PDT",2017,"soil","PA-1490-02",0.6177943490701,"2016-10-18","2017-06-25",223,0.232,FALSE,FALSE,FALSE,FALSE,FALSE,FALSE,FALSE,176
"83","MLS_soil_PA-1490-03_2016-08-2017-09.csv","PA-1490-03","/Users/meeralee/Google Drive/Research/Microclimate/data/Microclimate data/2016-2017 Soil/PA-1490-03.csv",4478,2,"2016-08-29 16:00:00","2017-09-06 18:00:00","2016-08-2017-09",0.121,27.567,TRUE,FALSE,FALSE,FALSE,"PDT",2017,"soil","PA-1490-03",0.471853909465021,"2016-10-17","2017-07-05",239,0.121,FALSE,FALSE,FALSE,FALSE,FALSE,FALSE,FALSE,186
"84","MLS_soil_PA-1490-04_2015-09-2016-08.csv","PA-1490-04","/Users/meeralee/Google Drive/Research/Microclimate/data/Microclimate data/2015-2016 Soil/PA-1490-04.csv",4260,2,"2015-09-09 17:00:00","2016-08-29 15:00:00","2015-09-2016-08",0.121,16.808,TRUE,FALSE,FALSE,FALSE,"PDT",2016,"soil","PA-1490-04",0.45947619047619,"2015-10-27","2016-06-26",234,0.121,FALSE,FALSE,FALSE,FALSE,FALSE,FALSE,FALSE,178
"85","MLS_soil_PA-1490-04_2016-08-2017-09.csv","PA-1490-04","/Users/meeralee/Google Drive/Research/Microclimate/data/Microclimate data/2016-2017 Soil/PA-1490-04.csv",4478,2,"2016-08-29 16:00:00","2017-09-06 18:00:00","2016-08-2017-09",0.121,26.977,TRUE,FALSE,FALSE,FALSE,"PDT",2017,"soil","PA-1490-04",0.539876210235131,"2016-11-17","2017-07-08",234,0.121,FALSE,FALSE,FALSE,FALSE,FALSE,FALSE,FALSE,189
"86","MLS_soil_PA-1490-05_2016-08-2017-09.csv","PA-1490-05","/Users/meeralee/Google Drive/Research/Microclimate/data/Microclimate data/2016-2017 Soil/PA-1490-05.csv",4475,2,"2016-08-29 16:00:00","2017-09-06 12:00:00","2016-08-2017-09",0.121,14.134,TRUE,FALSE,FALSE,FALSE,"PDT",2017,"soil","PA-1490-05",0.824979419703104,"2016-11-17","2017-07-08",234,0.121,FALSE,FALSE,FALSE,FALSE,FALSE,FALSE,FALSE,189
"87","MLS_soil_PA-1490-06_2016-08-2017-09.csv","PA-1490-06","/Users/meeralee/Google Drive/Research/Microclimate/data/Microclimate data/2016-2017 Soil/PA-1490-06.csv",4478,2,"2016-08-29 16:00:00","2017-09-06 18:00:00","2016-08-2017-09",0.232,27.764,TRUE,FALSE,FALSE,FALSE,"PDT",2017,"soil","PA-1490-06",0.730700203252033,"2016-11-18","2017-07-09",234,0.232,FALSE,FALSE,FALSE,FALSE,FALSE,FALSE,FALSE,190
"88","MLS_soil_PA-1490-07_2016-08-2017-09.csv","PA-1490-07","/Users/meeralee/Google Drive/Research/Microclimate/data/Microclimate data/2016-2017 Soil/PA-1490-07.csv",4478,2,"2016-08-29 16:00:00","2017-09-06 18:00:00","2016-08-2017-09",0.121,27.567,TRUE,FALSE,FALSE,FALSE,"PDT",2017,"soil","PA-1490-07",0.361023962804006,"2016-10-12","2017-07-01",231,0.121,FALSE,FALSE,FALSE,FALSE,FALSE,FALSE,FALSE,182
"89","MLS_soil_PA-1490-08_2016-08-2017-09.csv","PA-1490-08","/Users/meeralee/Google Drive/Research/Microclimate/data/Microclimate data/2016-2017 Soil/PA-1490-08.csv",4478,2,"2016-08-29 16:00:00","2017-09-06 18:00:00","2016-08-2017-09",0.232,27.862,TRUE,FALSE,FALSE,FALSE,"PDT",2017,"soil","PA-1490-08",0.340695887445887,"2016-10-18","2017-07-01",230,0.232,FALSE,FALSE,FALSE,FALSE,FALSE,FALSE,FALSE,182
"90","MLS_soil_PA-1490-09_2016-08-2017-09.csv","PA-1490-09","/Users/meeralee/Google Drive/Research/Microclimate/data/Microclimate data/2016-2017 Soil/PA-1490-09.csv",4478,2,"2016-08-29 16:00:00","2017-09-06 18:00:00","2016-08-2017-09",-4.152,35.009,TRUE,FALSE,FALSE,FALSE,"PDT",2017,"soil","PA-1490-09",0.121767467248908,"2016-10-18","2017-07-01",229,-4.152,FALSE,FALSE,FALSE,FALSE,FALSE,FALSE,FALSE,182
"91","MLS_soil_PA-1490-1_2017-09-2018-09.csv","PA-1490-1","/Users/meeralee/Google Drive/Research/Microclimate/data/Microclimate data/2017-2018 Soil/PA-1490-1.csv",4458,2,"2017-09-07 08:00:00","2018-09-13 18:00:00","2017-09-2018-09",0.121,21.951,TRUE,FALSE,FALSE,FALSE,"PDT",2018,"soil","PA-1490-1",0.307109929078014,"2017-10-12","2018-06-16",234,0.121,FALSE,FALSE,FALSE,FALSE,FALSE,FALSE,FALSE,167
"92","MLS_soil_PA-1490-2_2017-09-2018-09.csv","PA-1490-2","/Users/meeralee/Google Drive/Research/Microclimate/data/Microclimate data/2017-2018 Soil/PA-1490-2.csv",4458,2,"2017-09-07 08:00:00","2018-09-13 18:00:00","2017-09-2018-09",0.232,20.901,TRUE,FALSE,FALSE,FALSE,"PDT",2018,"soil","PA-1490-2",0.48826547116737,"2017-10-12","2018-06-17",235,0.232,FALSE,FALSE,FALSE,FALSE,FALSE,FALSE,FALSE,168
"93","MLS_soil_PA-1490-3_2017-09-2018-09.csv","PA-1490-3","/Users/meeralee/Google Drive/Research/Microclimate/data/Microclimate data/2017-2018 Soil/PA-1490-3.csv",4458,2,"2017-09-07 08:00:00","2018-09-13 18:00:00","2017-09-2018-09",0.121,20.901,TRUE,FALSE,FALSE,FALSE,"PDT",2018,"soil","PA-1490-3",0.400702243589744,"2017-09-21","2018-06-28",257,0.121,FALSE,FALSE,FALSE,FALSE,FALSE,FALSE,FALSE,179
"94","MLS_soil_PA-1490-4_2017-09-2018-09.csv","PA-1490-4","/Users/meeralee/Google Drive/Research/Microclimate/data/Microclimate data/2017-2018 Soil/PA-1490-4.csv",4458,2,"2017-09-07 08:00:00","2018-09-13 18:00:00","2017-09-2018-09",0.232,21.187,TRUE,FALSE,FALSE,FALSE,"PDT",2018,"soil","PA-1490-4",0.518747169811321,"2017-10-04","2018-07-01",264,0.232,FALSE,FALSE,FALSE,FALSE,FALSE,FALSE,FALSE,182
"95","MLS_soil_PA-1490-5_2017-09-2018-09.csv","PA-1490-5","/Users/meeralee/Google Drive/Research/Microclimate/data/Microclimate data/2017-2018 Soil/PA-1490-5.csv",4458,2,"2017-09-07 08:00:00","2018-09-13 18:00:00","2017-09-2018-09",0.121,20.615,TRUE,FALSE,FALSE,FALSE,"PDT",2018,"soil","PA-1490-5",0.473840849673203,"2017-10-11","2018-06-30",254,0.121,FALSE,FALSE,FALSE,FALSE,FALSE,FALSE,FALSE,181
"96","MLS_soil_PA-1490-6_2017-09-2018-09.csv","PA-1490-6","/Users/meeralee/Google Drive/Research/Microclimate/data/Microclimate data/2017-2018 Soil/PA-1490-6.csv",4458,2,"2017-09-07 08:00:00","2018-09-13 18:00:00","2017-09-2018-09",0.232,20.996,TRUE,FALSE,FALSE,FALSE,"PDT",2018,"soil","PA-1490-6",0.6327574002574,"2017-10-11","2018-06-30",253,0.232,FALSE,FALSE,FALSE,FALSE,FALSE,FALSE,FALSE,181
"97","MLS_soil_PA-1490-7_2017-09-2018-09.csv","PA-1490-7","/Users/meeralee/Google Drive/Research/Microclimate/data/Microclimate data/2017-2018 Soil/PA-1490-7.csv",4446,2,"2017-09-08 08:00:00","2018-09-13 18:00:00","2017-09-2018-09",0.121,24.158,TRUE,FALSE,FALSE,FALSE,"PDT",2018,"soil","PA-1490-7",0.357777670527671,"2017-10-11","2018-06-25",256,0.121,FALSE,FALSE,FALSE,FALSE,FALSE,FALSE,FALSE,176
"98","MLS_soil_PA-1490-8_2017-09-2018-09.csv","PA-1490-8","/Users/meeralee/Google Drive/Research/Microclimate/data/Microclimate data/2017-2018 Soil/PA-1490-8.csv",4458,2,"2017-09-07 08:00:00","2018-09-13 18:00:00","2017-09-2018-09",0.121,27.075,TRUE,FALSE,FALSE,FALSE,"PDT",2018,"soil","PA-1490-8",0.274344551282051,"2017-10-05","2018-06-25",259,0.121,FALSE,FALSE,FALSE,FALSE,FALSE,FALSE,FALSE,176
"99","MLS_soil_PA-1490-9_2017-09-2018-09.csv","PA-1490-9","/Users/meeralee/Google Drive/Research/Microclimate/data/Microclimate data/2017-2018 Soil/PA-1490-9.csv",4458,2,"2017-09-07 08:00:00","2018-09-13 18:00:00","2017-09-2018-09",0.121,26.097,TRUE,FALSE,FALSE,FALSE,"PDT",2018,"soil","PA-1490-9",0.259349673202614,"2017-10-11","2018-06-23",254,0.121,FALSE,FALSE,FALSE,FALSE,FALSE,FALSE,FALSE,174
"100","MLS_soil_PA-1490m-01_2015-09-2016-06.csv","PA-1490m-01","/Users/meeralee/Google Drive/Research/Microclimate/data/Microclimate data/2015-2016 Soil/PA-1490m-01.csv",3243,2,"2015-09-09 15:00:00","2016-06-05 19:00:00","2015-09-2016-06",0.121,14.038,TRUE,FALSE,FALSE,FALSE,"PDT",2016,"soil","PA-1490m-01",0.459230015082956,"2015-11-03","2016-06-05",216,0.121,FALSE,FALSE,FALSE,FALSE,FALSE,FALSE,FALSE,157
"101","MLS_soil_PA-1490m-02_2015-09-2016-08.csv","PA-1490m-02","/Users/meeralee/Google Drive/Research/Microclimate/data/Microclimate data/2015-2016 Soil/PA-1490m-02.csv",4261,2,"2015-09-09 15:00:00","2016-08-29 15:00:00","2015-09-2016-08",0.121,18.806,TRUE,FALSE,FALSE,FALSE,"PDT",2016,"soil","PA-1490m-02",0.361353971962617,"2015-11-02","2016-06-01",213,0.121,FALSE,FALSE,FALSE,FALSE,FALSE,FALSE,FALSE,153
"102","MLS_soil_PA-1490m-02_Rem_2015-09-2016-08.csv","PA-1490m-02_Rem","/Users/meeralee/Google Drive/Research/Microclimate/data/Microclimate data/2015-2016 Soil/PA-1490m-02_Rem.csv",4259,2,"2015-09-09 17:00:00","2016-08-29 13:00:00","2015-09-2016-08",0.121,24.448,TRUE,FALSE,FALSE,FALSE,"PDT",2016,"soil","PA-1490m-02",0.312555185185185,"2015-11-05","2016-06-15",220,0.121,FALSE,FALSE,FALSE,FALSE,FALSE,FALSE,FALSE,167
"103","MLS_soil_PA-1490m-03_2015-09-2016-08.csv","PA-1490m-03","/Users/meeralee/Google Drive/Research/Microclimate/data/Microclimate data/2015-2016 Soil/PA-1490m-03.csv",4261,2,"2015-09-09 15:00:00","2016-08-29 15:00:00","2015-09-2016-08",0.121,15.569,TRUE,FALSE,FALSE,FALSE,"PDT",2016,"soil","PA-1490m-03",0.443868697478992,"2015-10-27","2016-06-22",235,0.121,FALSE,FALSE,FALSE,FALSE,FALSE,FALSE,FALSE,174
"104","MLS_soil_PA-1490m-03_Rem_2015-09-2016-08.csv","PA-1490m-03_Rem","/Users/meeralee/Google Drive/Research/Microclimate/data/Microclimate data/2015-2016 Soil/PA-1490m-03_Rem.csv",4261,2,"2015-09-09 15:00:00","2016-08-29 15:00:00","2015-09-2016-08",0.121,19.092,TRUE,FALSE,FALSE,FALSE,"PDT",2016,"soil","PA-1490m-03",0.47362537202381,"2015-10-27","2016-06-15",220,0.121,FALSE,FALSE,FALSE,FALSE,FALSE,FALSE,FALSE,167
"105","MLS_soil_PA-1490m-04_Rem_2015-09-2016-08.csv","PA-1490m-04_Rem","/Users/meeralee/Google Drive/Research/Microclimate/data/Microclimate data/2015-2016 Soil/PA-1490m-04_Rem.csv",4260,2,"2015-09-09 15:00:00","2016-08-29 13:00:00","2015-09-2016-08",0.121,25.125,TRUE,FALSE,FALSE,FALSE,"PDT",2016,"soil","PA-1490m-04",0.267305797101449,"2015-11-02","2016-06-18",230,0.121,FALSE,FALSE,FALSE,FALSE,FALSE,FALSE,FALSE,170
"106","MLS_soil_PA-1490m-06_2015-09-2016-08.csv","PA-1490m-06","/Users/meeralee/Google Drive/Research/Microclimate/data/Microclimate data/2015-2016 Soil/PA-1490m-06.csv",4260,2,"2015-09-09 17:00:00","2016-08-29 15:00:00","2015-09-2016-08",0.232,13.173,TRUE,FALSE,FALSE,FALSE,"PDT",2016,"soil","PA-1490m-06",0.751351115760112,"2015-11-06","2016-06-26",226,0.232,FALSE,FALSE,FALSE,FALSE,FALSE,FALSE,FALSE,178
"107","MLS_soil_PA-1490m-07_Rem_2015-09-2016-08.csv","PA-1490m-07_Rem","/Users/meeralee/Google Drive/Research/Microclimate/data/Microclimate data/2015-2016 Soil/PA-1490m-07_Rem.csv",4261,2,"2015-09-09 15:00:00","2016-08-29 15:00:00","2015-09-2016-08",0.121,16.808,TRUE,FALSE,FALSE,FALSE,"PDT",2016,"soil","PA-1490m-07",0.597984398782344,"2015-11-03","2016-06-01",212,0.121,FALSE,FALSE,FALSE,FALSE,FALSE,FALSE,FALSE,153
"108","MLS_soil_PA-1490m-07s_Rem_2015-09-2016-08.csv","PA-1490m-07s_Rem","/Users/meeralee/Google Drive/Research/Microclimate/data/Microclimate data/2015-2016 Soil/PA-1490m-07s_Rem.csv",4260,2,"2015-09-09 17:00:00","2016-08-29 15:00:00","2015-09-2016-08",0.232,19.948,TRUE,FALSE,FALSE,FALSE,"PDT",2016,"soil","PA-1490m-07s",0.595537271448664,"2015-10-27","2016-06-23",234,0.232,FALSE,FALSE,FALSE,FALSE,FALSE,FALSE,FALSE,175
"109","MLS_soil_PA-1490m-08_2015-09-2016-08.csv","PA-1490m-08","/Users/meeralee/Google Drive/Research/Microclimate/data/Microclimate data/2015-2016 Soil/PA-1490m-08.csv",4260,2,"2015-09-09 15:00:00","2016-08-29 13:00:00","2015-09-2016-08",0.232,22.238,TRUE,FALSE,FALSE,FALSE,"PDT",2016,"soil","PA-1490m-08",0.408828216374269,"2015-11-02","2016-06-15",227,0.232,FALSE,FALSE,FALSE,FALSE,FALSE,FALSE,FALSE,167
"110","MLS_soil_PA-1490m-09_2015-09-2016-08.csv","PA-1490m-09","/Users/meeralee/Google Drive/Research/Microclimate/data/Microclimate data/2015-2016 Soil/PA-1490m-09.csv",4260,2,"2015-09-09 15:00:00","2016-08-29 13:00:00","2015-09-2016-08",0.232,22.621,TRUE,FALSE,FALSE,FALSE,"PDT",2016,"soil","PA-1490m-09",0.377784356725146,"2015-11-02","2016-06-15",227,0.232,FALSE,FALSE,FALSE,FALSE,FALSE,FALSE,FALSE,167
"111","MLS_soil_PA-1490m-10_2015-09-2016-08.csv","PA-1490m-10","/Users/meeralee/Google Drive/Research/Microclimate/data/Microclimate data/2015-2016 Soil/PA-1490m-10.csv",4260,2,"2015-09-09 15:00:00","2016-08-29 13:00:00","2015-09-2016-08",0.121,25.61,TRUE,FALSE,FALSE,FALSE,"PDT",2016,"soil","PA-1490m-10",0.33278115942029,"2015-11-02","2016-06-16",228,0.121,FALSE,FALSE,FALSE,FALSE,FALSE,FALSE,FALSE,168
"112","MLS_soil_PA-1570-05s_Rem_2015-09-2016-08.csv","PA-1570-05s_Rem","/Users/meeralee/Google Drive/Research/Microclimate/data/Microclimate data/2015-2016 Soil/PA-1570-05s_Rem.csv",4259,2,"2015-09-10 13:00:00","2016-08-30 09:00:00","2015-09-2016-08",0.232,29.452,TRUE,FALSE,FALSE,FALSE,"PDT",2016,"soil","PA-1570-05s",0.634476917057903,"2015-11-05","2016-06-01",210,0.232,FALSE,FALSE,FALSE,FALSE,FALSE,FALSE,FALSE,153
"113","MLS_soil_PA-1570-07_2015-09-2016-08.csv","PA-1570-07","/Users/meeralee/Google Drive/Research/Microclimate/data/Microclimate data/2015-2016 Soil/PA-1570-07.csv",4259,2,"2015-09-10 13:00:00","2016-08-30 09:00:00","2015-09-2016-08",0.232,35.222,TRUE,FALSE,FALSE,FALSE,"PDT",2016,"soil","PA-1570-07",0.438058056872038,"2015-11-02","2016-05-29",210,0.232,FALSE,FALSE,FALSE,FALSE,FALSE,FALSE,FALSE,150
"114","MLS_soil_PA-1570-08_2015-09-2016-08.csv","PA-1570-08","/Users/meeralee/Google Drive/Research/Microclimate/data/Microclimate data/2015-2016 Soil/PA-1570-08.csv",4259,2,"2015-09-10 13:00:00","2016-08-30 09:00:00","2015-09-2016-08",0.343,21.951,TRUE,FALSE,FALSE,FALSE,"PDT",2016,"soil","PA-1570-08",0.76234696969697,"2015-11-06","2016-06-05",213,0.343,FALSE,FALSE,FALSE,FALSE,FALSE,FALSE,FALSE,157
"115","MLS_soil_PA-1570-09_2015-09-2016-08.csv","PA-1570-09","/Users/meeralee/Google Drive/Research/Microclimate/data/Microclimate data/2015-2016 Soil/PA-1570-09.csv",4259,2,"2015-09-10 13:00:00","2016-08-30 09:00:00","2015-09-2016-08",0.121,20.329,TRUE,FALSE,FALSE,FALSE,"PDT",2016,"soil","PA-1570-09",0.433889883551674,"2015-10-27","2016-06-15",228,0.121,FALSE,FALSE,FALSE,FALSE,FALSE,FALSE,FALSE,167
"116","MLS_soil_PA-1570-2_2017-09-2018-09.csv","PA-1570-2","/Users/meeralee/Google Drive/Research/Microclimate/data/Microclimate data/2017-2018 Soil/PA-1570-2.csv",4458,2,"2017-09-07 08:00:00","2018-09-13 18:00:00","2017-09-2018-09",0.232,20.901,TRUE,FALSE,FALSE,FALSE,"PDT",2018,"soil","PA-1570-2",0.474182630906769,"2017-09-21","2018-06-28",258,0.232,FALSE,FALSE,FALSE,FALSE,FALSE,FALSE,FALSE,179
"117","MLS_soil_PA-1570-3_2017-09-2018-09.csv","PA-1570-3","/Users/meeralee/Google Drive/Research/Microclimate/data/Microclimate data/2017-2018 Soil/PA-1570-3.csv",4458,2,"2017-09-07 08:00:00","2018-09-13 18:00:00","2017-09-2018-09",0.121,22.908,TRUE,FALSE,FALSE,FALSE,"PDT",2018,"soil","PA-1570-3",0.338726145038168,"2017-09-20","2018-07-02",260,0.121,FALSE,FALSE,FALSE,FALSE,FALSE,FALSE,FALSE,183
"118","MLS_soil_PA-1570-4_2017-09-2018-09.csv","PA-1570-4","/Users/meeralee/Google Drive/Research/Microclimate/data/Microclimate data/2017-2018 Soil/PA-1570-4.csv",4458,2,"2017-09-07 08:00:00","2018-09-13 18:00:00","2017-09-2018-09",0.121,37.494,TRUE,FALSE,FALSE,FALSE,"PDT",2018,"soil","PA-1570-4",0.412703125,"2017-10-13","2018-06-14",235,0.121,FALSE,FALSE,FALSE,FALSE,FALSE,FALSE,FALSE,165
"119","MLS_soil_PA-1570-5_2017-09-2018-09.csv","PA-1570-5","/Users/meeralee/Google Drive/Research/Microclimate/data/Microclimate data/2017-2018 Soil/PA-1570-5.csv",4458,2,"2017-09-07 08:00:00","2018-09-13 18:00:00","2017-09-2018-09",0.232,26.781,TRUE,FALSE,FALSE,FALSE,"PDT",2018,"soil","PA-1570-5",0.585451244813278,"2017-10-13","2018-06-17",234,0.232,FALSE,FALSE,FALSE,FALSE,FALSE,FALSE,FALSE,168
"120","MLS_soil_PA-1570-6_2017-09-2018-09.csv","PA-1570-6","/Users/meeralee/Google Drive/Research/Microclimate/data/Microclimate data/2017-2018 Soil/PA-1570-6.csv",4458,2,"2017-09-07 08:00:00","2018-09-13 18:00:00","2017-09-2018-09",0.121,20.71,TRUE,FALSE,FALSE,FALSE,"PDT",2018,"soil","PA-1570-6",0.332002269779507,"2017-09-20","2018-06-23",256,0.121,FALSE,FALSE,FALSE,FALSE,FALSE,FALSE,FALSE,174
"121","MLS_soil_PA-1570-7_2017-09-2018-09.csv","PA-1570-7","/Users/meeralee/Google Drive/Research/Microclimate/data/Microclimate data/2017-2018 Soil/PA-1570-7.csv",4458,2,"2017-09-07 08:00:00","2018-09-13 18:00:00","2017-09-2018-09",0.121,24.738,TRUE,FALSE,FALSE,FALSE,"PDT",2018,"soil","PA-1570-7",0.325815985130112,"2017-10-11","2018-07-08",266,0.121,FALSE,FALSE,FALSE,FALSE,FALSE,FALSE,FALSE,189
"122","MLS_soil_PA-1570-8_2017-09-2018-09.csv","PA-1570-8","/Users/meeralee/Google Drive/Research/Microclimate/data/Microclimate data/2017-2018 Soil/PA-1570-8.csv",4458,2,"2017-09-07 08:00:00","2018-09-13 18:00:00","2017-09-2018-09",0.121,24.351,TRUE,FALSE,FALSE,FALSE,"PDT",2018,"soil","PA-1570-8",0.281524702380952,"2017-09-22","2018-07-11",279,0.121,FALSE,FALSE,FALSE,FALSE,FALSE,FALSE,FALSE,192
"123","MLS_soil_PA-1570-9_2017-09-2018-09.csv","PA-1570-9","/Users/meeralee/Google Drive/Research/Microclimate/data/Microclimate data/2017-2018 Soil/PA-1570-9.csv",4458,2,"2017-09-07 08:00:00","2018-09-13 18:00:00","2017-09-2018-09",0.01,23.196,TRUE,FALSE,FALSE,FALSE,"PDT",2018,"soil","PA-1570-9",0.187865454545455,"2017-10-10","2018-07-14",274,0.01,FALSE,FALSE,FALSE,FALSE,FALSE,FALSE,FALSE,195
"124","MLS_soil_PA-1570m-01_2015-09-2016-08.csv","PA-1570m-01","/Users/meeralee/Google Drive/Research/Microclimate/data/Microclimate data/2015-2016 Soil/PA-1570m-01.csv",4259,2,"2015-09-10 13:00:00","2016-08-30 09:00:00","2015-09-2016-08",0.121,15.091,TRUE,FALSE,FALSE,FALSE,"PDT",2016,"soil","PA-1570m-01",0.478992274678112,"2015-10-27","2016-06-17",230,0.121,FALSE,FALSE,FALSE,FALSE,FALSE,FALSE,FALSE,169
"125","MLS_soil_PA-1570m-01_2016-08-2017-09.csv","PA-1570m-01","/Users/meeralee/Google Drive/Research/Microclimate/data/Microclimate data/2016-2017 Soil/PA-1570m-01.csv",4468,2,"2016-08-30 11:00:00","2017-09-06 17:00:00","2016-08-2017-09",0.121,34.691,TRUE,FALSE,FALSE,FALSE,"PDT",2017,"soil","PA-1570m-01",0.375520080321285,"2016-10-15","2017-07-03",246,0.121,FALSE,FALSE,FALSE,FALSE,FALSE,FALSE,FALSE,184
"126","MLS_soil_PA-1570m-02_2015-09-2016-08.csv","PA-1570m-02","/Users/meeralee/Google Drive/Research/Microclimate/data/Microclimate data/2015-2016 Soil/PA-1570m-02.csv",4259,2,"2015-09-10 13:00:00","2016-08-30 09:00:00","2015-09-2016-08",0.01,21.855,TRUE,FALSE,FALSE,FALSE,"PDT",2016,"soil","PA-1570m-02",0.309891205673759,"2015-10-27","2016-06-19",233,0.01,FALSE,FALSE,FALSE,FALSE,FALSE,FALSE,FALSE,171
"127","MLS_soil_PA-1570m-02_2016-08-2017-09.csv","PA-1570m-02","/Users/meeralee/Google Drive/Research/Microclimate/data/Microclimate data/2016-2017 Soil/PA-1570m-02.csv",4468,2,"2016-08-30 11:00:00","2017-09-06 17:00:00","2016-08-2017-09",0.121,36.728,TRUE,FALSE,FALSE,FALSE,"PDT",2017,"soil","PA-1570m-02",0.33454512516469,"2016-10-15","2017-07-03",252,0.121,FALSE,FALSE,FALSE,FALSE,FALSE,FALSE,FALSE,184
"128","MLS_soil_PA-1570m-03_2015-09-2016-08.csv","PA-1570m-03","/Users/meeralee/Google Drive/Research/Microclimate/data/Microclimate data/2015-2016 Soil/PA-1570m-03.csv",4259,2,"2015-09-10 13:00:00","2016-08-30 09:00:00","2015-09-2016-08",0.121,23.581,TRUE,FALSE,FALSE,FALSE,"PDT",2016,"soil","PA-1570m-03",0.466873417721519,"2015-10-27","2016-06-21",234,0.121,FALSE,FALSE,FALSE,FALSE,FALSE,FALSE,FALSE,173
"129","MLS_soil_PA-1570m-03_2016-08-2017-09.csv","PA-1570m-03","/Users/meeralee/Google Drive/Research/Microclimate/data/Microclimate data/2016-2017 Soil/PA-1570m-03.csv",4469,2,"2016-08-30 09:00:00","2017-09-06 17:00:00","2016-08-2017-09",0.121,35.009,TRUE,FALSE,FALSE,FALSE,"PDT",2017,"soil","PA-1570m-03",0.408920348058902,"2016-10-16","2017-07-06",245,0.121,FALSE,FALSE,FALSE,FALSE,FALSE,FALSE,FALSE,187
"130","MLS_soil_PA-1570m-03_Rem_2015-09-2016-08.csv","PA-1570m-03_Rem","/Users/meeralee/Google Drive/Research/Microclimate/data/Microclimate data/2015-2016 Soil/PA-1570m-03_Rem.csv",4259,2,"2015-09-10 13:00:00","2016-08-30 09:00:00","2015-09-2016-08",0.121,16.713,TRUE,FALSE,FALSE,FALSE,"PDT",2016,"soil","PA-1570m-03",0.530561383928571,"2015-10-27","2016-06-15",218,0.121,FALSE,FALSE,FALSE,FALSE,FALSE,FALSE,FALSE,167
"131","MLS_soil_PA-1570m-04_2015-09-2016-08.csv","PA-1570m-04","/Users/meeralee/Google Drive/Research/Microclimate/data/Microclimate data/2015-2016 Soil/PA-1570m-04.csv",4259,2,"2015-09-10 13:00:00","2016-08-30 09:00:00","2015-09-2016-08",0.121,22.429,TRUE,FALSE,FALSE,FALSE,"PDT",2016,"soil","PA-1570m-04",0.295460055096419,"2015-11-02","2016-06-29",241,0.121,FALSE,FALSE,FALSE,FALSE,FALSE,FALSE,FALSE,181
"132","MLS_soil_PA-1570m-04_2016-08-2017-09.csv","PA-1570m-04","/Users/meeralee/Google Drive/Research/Microclimate/data/Microclimate data/2016-2017 Soil/PA-1570m-04.csv",4468,2,"2016-08-30 11:00:00","2017-09-06 17:00:00","2016-08-2017-09",0.121,35.009,TRUE,FALSE,FALSE,FALSE,"PDT",2017,"soil","PA-1570m-04",0.475438577586207,"2016-10-16","2017-06-22",229,0.121,FALSE,FALSE,FALSE,FALSE,FALSE,FALSE,FALSE,173
"133","MLS_soil_PA-1570m-05_2015-09-2016-08.csv","PA-1570m-05","/Users/meeralee/Google Drive/Research/Microclimate/data/Microclimate data/2015-2016 Soil/PA-1570m-05.csv",4259,2,"2015-09-10 13:00:00","2016-08-30 09:00:00","2015-09-2016-08",0.01,25.222,TRUE,FALSE,FALSE,FALSE,"PDT",2016,"soil","PA-1570m-05",0.171,"2015-10-27","2016-07-02",246,0.01,FALSE,FALSE,FALSE,FALSE,FALSE,FALSE,FALSE,184
"134","MLS_soil_PA-1570m-05_2016-08-2017-09.csv","PA-1570m-05","/Users/meeralee/Google Drive/Research/Microclimate/data/Microclimate data/2016-2017 Soil/PA-1570m-05.csv",4468,2,"2016-08-30 11:00:00","2017-09-06 17:00:00","2016-08-2017-09",0.343,35.542,TRUE,FALSE,FALSE,FALSE,"PDT",2017,"soil","PA-1570m-05",0.767368948824343,"2016-10-20","2017-06-26",231,0.343,FALSE,FALSE,FALSE,FALSE,FALSE,FALSE,FALSE,177
"135","MLS_soil_PA-1570m-06_2015-09-2016-08.csv","PA-1570m-06","/Users/meeralee/Google Drive/Research/Microclimate/data/Microclimate data/2015-2016 Soil/PA-1570m-06.csv",4259,2,"2015-09-10 13:00:00","2016-08-30 09:00:00","2015-09-2016-08",0.01,23.869,TRUE,FALSE,FALSE,FALSE,"PDT",2016,"soil","PA-1570m-06",0.205633199464525,"2015-10-27","2016-07-06",249,0.01,FALSE,FALSE,FALSE,FALSE,FALSE,FALSE,FALSE,188
"136","MLS_soil_PA-1570m-06_2016-08-2017-09.csv","PA-1570m-06","/Users/meeralee/Google Drive/Research/Microclimate/data/Microclimate data/2016-2017 Soil/PA-1570m-06.csv",4468,2,"2016-08-30 11:00:00","2017-09-06 17:00:00","2016-08-2017-09",-5.62,54.356,TRUE,FALSE,FALSE,FALSE,"PDT",2017,"soil","PA-1570m-06",0.125854166666667,"2016-10-15","2017-07-14",256,-5.62,FALSE,FALSE,FALSE,FALSE,FALSE,FALSE,FALSE,195
"137","MLS_soil_PA-1570m-07_2016-08-2017-09.csv","PA-1570m-07","/Users/meeralee/Google Drive/Research/Microclimate/data/Microclimate data/2016-2017 Soil/PA-1570m-07.csv",4468,2,"2016-08-30 11:00:00","2017-09-06 17:00:00","2016-08-2017-09",0.121,35.971,TRUE,FALSE,FALSE,FALSE,"PDT",2017,"soil","PA-1570m-07",0.302423791821561,"2016-10-15","2017-07-14",269,0.121,FALSE,FALSE,FALSE,FALSE,FALSE,FALSE,FALSE,195
"138","MLS_soil_PA-1570m-08_2016-08-2017-07.csv","PA-1570m-08","/Users/meeralee/Google Drive/Research/Microclimate/data/Microclimate data/2016-2017 Soil/PA-1570m-08.csv",3835,2,"2016-08-30 11:00:00","2017-07-15 23:00:00","2016-08-2017-07",0.232,15.76,TRUE,FALSE,FALSE,FALSE,"PDT",2017,"soil","PA-1570m-08",0.33517381840796,"2016-10-16","2017-07-15",268,0.232,FALSE,FALSE,FALSE,FALSE,FALSE,FALSE,FALSE,196
"139","MLS_soil_PA-1570m-08_Rem_2015-09-2016-08.csv","PA-1570m-08_Rem","/Users/meeralee/Google Drive/Research/Microclimate/data/Microclimate data/2015-2016 Soil/PA-1570m-08_Rem.csv",4259,2,"2015-09-10 13:00:00","2016-08-30 09:00:00","2015-09-2016-08",0.121,25.902,TRUE,FALSE,FALSE,FALSE,"PDT",2016,"soil","PA-1570m-08",0.300947569444444,"2015-10-27","2016-06-27",239,0.121,FALSE,FALSE,FALSE,FALSE,FALSE,FALSE,FALSE,179
"140","MLS_soil_PA-1570m-09_2016-08-2017-09.csv","PA-1570m-09","/Users/meeralee/Google Drive/Research/Microclimate/data/Microclimate data/2016-2017 Soil/PA-1570m-09.csv",4468,2,"2016-08-30 11:00:00","2017-09-06 17:00:00","2016-08-2017-09",0.121,36.946,TRUE,FALSE,FALSE,FALSE,"PDT",2017,"soil","PA-1570m-09",0.248819962686567,"2016-10-15","2017-07-20",268,0.121,FALSE,FALSE,FALSE,FALSE,FALSE,FALSE,FALSE,201
"141","MLS_soil_PA-1570m-09_Rem_2015-09-2016-08.csv","PA-1570m-09_Rem","/Users/meeralee/Google Drive/Research/Microclimate/data/Microclimate data/2015-2016 Soil/PA-1570m-09_Rem.csv",4259,2,"2015-09-10 13:00:00","2016-08-30 09:00:00","2015-09-2016-08",0.121,16.999,TRUE,FALSE,FALSE,FALSE,"PDT",2016,"soil","PA-1570m-09",0.609599605055292,"2015-11-02","2016-06-15",204,0.121,FALSE,FALSE,FALSE,FALSE,FALSE,FALSE,FALSE,167
"142","MLS_soil_PA-1570m-09s_Rem_2015-09-2016-08.csv","PA-1570m-09s_Rem","/Users/meeralee/Google Drive/Research/Microclimate/data/Microclimate data/2015-2016 Soil/PA-1570m-09s_Rem.csv",4259,2,"2015-09-10 13:00:00","2016-08-30 09:00:00","2015-09-2016-08",0.121,37.494,TRUE,FALSE,FALSE,FALSE,"PDT",2016,"soil","PA-1570m-09s",0.458179648241206,"2015-11-02","2016-05-16",197,0.121,FALSE,FALSE,FALSE,FALSE,FALSE,FALSE,FALSE,137
"143","MLS_soil_PA-1570m-10_Rem_2015-09-2016-08.csv","PA-1570m-10_Rem","/Users/meeralee/Google Drive/Research/Microclimate/data/Microclimate data/2015-2016 Soil/PA-1570m-10_Rem.csv",4259,2,"2015-09-10 13:00:00","2016-08-30 09:00:00","2015-09-2016-08",0.01,24.448,TRUE,FALSE,FALSE,FALSE,"PDT",2016,"soil","PA-1570m-10",0.210605555555556,"2015-10-27","2016-06-26",240,0.01,FALSE,FALSE,FALSE,FALSE,FALSE,FALSE,FALSE,178
"144","MLS_soil_PA-1680-01s_Rem_2015-09-2016-08.csv","PA-1680-01s_Rem","/Users/meeralee/Google Drive/Research/Microclimate/data/Microclimate data/2015-2016 Soil/PA-1680-01s_Rem.csv",4260,2,"2015-09-10 15:00:00","2016-08-30 13:00:00","2015-09-2016-08",0.01,21.76,TRUE,FALSE,FALSE,FALSE,"PDT",2016,"soil","PA-1680-01s",0.410153846153846,"2015-11-03","2016-07-02",243,0.01,FALSE,FALSE,FALSE,FALSE,FALSE,FALSE,FALSE,184
"145","MLS_soil_PA-1680-04_2015-09-2016-08.csv","PA-1680-04","/Users/meeralee/Google Drive/Research/Microclimate/data/Microclimate data/2015-2016 Soil/PA-1680-04.csv",4261,2,"2015-09-10 15:00:00","2016-08-30 15:00:00","2015-09-2016-08",0.121,25.125,TRUE,FALSE,FALSE,FALSE,"PDT",2016,"soil","PA-1680-04",0.474905367231638,"2015-11-02","2016-06-21",233,0.121,FALSE,FALSE,FALSE,FALSE,FALSE,FALSE,FALSE,173
"146","MLS_soil_PA-1680-05_2015-09-2016-08.csv","PA-1680-05","/Users/meeralee/Google Drive/Research/Microclimate/data/Microclimate data/2015-2016 Soil/PA-1680-05.csv",4260,2,"2015-09-10 15:00:00","2016-08-30 13:00:00","2015-09-2016-08",0.232,27.862,TRUE,FALSE,FALSE,FALSE,"PDT",2016,"soil","PA-1680-05",0.482593390804598,"2015-11-02","2016-06-18",230,0.232,FALSE,FALSE,FALSE,FALSE,FALSE,FALSE,FALSE,170
"147","MLS_soil_PA-1680-07s_Rem_2015-09-2016-08.csv","PA-1680-07s_Rem","/Users/meeralee/Google Drive/Research/Microclimate/data/Microclimate data/2015-2016 Soil/PA-1680-07s_Rem.csv",4261,2,"2015-09-10 15:00:00","2016-08-30 15:00:00","2015-09-2016-08",0.232,27.665,TRUE,FALSE,FALSE,FALSE,"PDT",2016,"soil","PA-1680-07s",0.454233405483406,"2015-10-27","2016-06-17",230,0.232,FALSE,FALSE,FALSE,FALSE,FALSE,FALSE,FALSE,169
"148","MLS_soil_PA-1680-1_2017-09-2018-09.csv","PA-1680-1","/Users/meeralee/Google Drive/Research/Microclimate/data/Microclimate data/2017-2018 Soil/PA-1680-1.csv",4459,2,"2017-09-07 07:00:00","2018-09-13 19:00:00","2017-09-2018-09",0.121,21.282,TRUE,FALSE,FALSE,FALSE,"PDT",2018,"soil","PA-1680-1",0.369464374225527,"2017-09-20","2018-07-03",269,0.121,FALSE,FALSE,FALSE,FALSE,FALSE,FALSE,FALSE,184
"149","MLS_soil_PA-1680-3_2017-09-2018-09.csv","PA-1680-3","/Users/meeralee/Google Drive/Research/Microclimate/data/Microclimate data/2017-2018 Soil/PA-1680-3.csv",4459,2,"2017-09-07 07:00:00","2018-09-13 19:00:00","2017-09-2018-09",0.121,21.378,TRUE,FALSE,FALSE,FALSE,"PDT",2018,"soil","PA-1680-3",0.754193933823529,"2017-09-23","2018-07-04",259,0.121,FALSE,FALSE,FALSE,FALSE,FALSE,FALSE,FALSE,185
"150","MLS_soil_PA-1680-4_2017-09-2018-09.csv","PA-1680-4","/Users/meeralee/Google Drive/Research/Microclimate/data/Microclimate data/2017-2018 Soil/PA-1680-4.csv",4459,2,"2017-09-07 07:00:00","2018-09-13 19:00:00","2017-09-2018-09",0.121,24.545,TRUE,FALSE,FALSE,FALSE,"PDT",2018,"soil","PA-1680-4",0.407861323155216,"2017-10-10","2018-06-28",255,0.121,FALSE,FALSE,FALSE,FALSE,FALSE,FALSE,FALSE,179
"151","MLS_soil_PA-1680-5_2017-09-2018-09.csv","PA-1680-5","/Users/meeralee/Google Drive/Research/Microclimate/data/Microclimate data/2017-2018 Soil/PA-1680-5.csv",4459,2,"2017-09-07 07:00:00","2018-09-13 19:00:00","2017-09-2018-09",0.121,25.61,TRUE,FALSE,FALSE,FALSE,"PDT",2018,"soil","PA-1680-5",0.412810635538262,"2017-09-23","2018-06-23",251,0.121,FALSE,FALSE,FALSE,FALSE,FALSE,FALSE,FALSE,174
"152","MLS_soil_PA-1680-8_2017-09-2018-09.csv","PA-1680-8","/Users/meeralee/Google Drive/Research/Microclimate/data/Microclimate data/2017-2018 Soil/PA-1680-8.csv",4459,2,"2017-09-07 07:00:00","2018-09-13 19:00:00","2017-09-2018-09",0.121,28.159,TRUE,FALSE,FALSE,FALSE,"PDT",2018,"soil","PA-1680-8",0.221487134502924,"2017-09-22","2018-07-15",282,0.121,FALSE,FALSE,FALSE,FALSE,FALSE,FALSE,FALSE,196
"153","MLS_soil_PA-1680-9_2017-09-2018-09.csv","PA-1680-9","/Users/meeralee/Google Drive/Research/Microclimate/data/Microclimate data/2017-2018 Soil/PA-1680-9.csv",4459,2,"2017-09-07 07:00:00","2018-09-13 19:00:00","2017-09-2018-09",0.121,26.781,TRUE,FALSE,FALSE,FALSE,"PDT",2018,"soil","PA-1680-9",0.291277485380117,"2017-10-09","2018-07-14",279,0.121,FALSE,FALSE,FALSE,FALSE,FALSE,FALSE,FALSE,195
"154","MLS_soil_PA-1680m-01_2015-09-2016-08.csv","PA-1680m-01","/Users/meeralee/Google Drive/Research/Microclimate/data/Microclimate data/2015-2016 Soil/PA-1680m-01.csv",4261,2,"2015-09-10 15:00:00","2016-08-30 15:00:00","2015-09-2016-08",0.121,18.996,TRUE,FALSE,FALSE,FALSE,"PDT",2016,"soil","PA-1680m-01",0.39147510373444,"2015-10-27","2016-06-22",237,0.121,FALSE,FALSE,FALSE,FALSE,FALSE,FALSE,FALSE,174
"155","MLS_soil_PA-1680m-01_2016-08-2017-09.csv","PA-1680m-01","/Users/meeralee/Google Drive/Research/Microclimate/data/Microclimate data/2016-2017 Soil/PA-1680m-01.csv",4465,2,"2016-08-30 17:00:00","2017-09-06 17:00:00","2016-08-2017-09",0.232,50.18,TRUE,FALSE,FALSE,FALSE,"PDT",2017,"soil","PA-1680m-01",0.395604974160207,"2016-10-15","2017-07-05",258,0.232,FALSE,FALSE,FALSE,FALSE,FALSE,FALSE,FALSE,186
"156","MLS_soil_PA-1680m-01_Rem_2015-09-2016-08.csv","PA-1680m-01_Rem","/Users/meeralee/Google Drive/Research/Microclimate/data/Microclimate data/2015-2016 Soil/PA-1680m-01_Rem.csv",4264,2,"2015-09-10 15:00:00","2016-08-30 21:00:00","2015-09-2016-08",0.121,24.641,TRUE,FALSE,FALSE,FALSE,"PDT",2016,"soil","PA-1680m-01",0.493682592592593,"2015-10-27","2016-06-16",219,0.121,FALSE,FALSE,FALSE,FALSE,FALSE,FALSE,FALSE,168
"157","MLS_soil_PA-1680m-02_2015-09-2016-08.csv","PA-1680m-02","/Users/meeralee/Google Drive/Research/Microclimate/data/Microclimate data/2015-2016 Soil/PA-1680m-02.csv",4261,2,"2015-09-10 15:00:00","2016-08-30 15:00:00","2015-09-2016-08",0.01,27.665,TRUE,FALSE,FALSE,FALSE,"PDT",2016,"soil","PA-1680m-02",0.309677304964539,"2015-10-27","2016-06-19",232,0.01,FALSE,FALSE,FALSE,FALSE,FALSE,FALSE,FALSE,171
"158","MLS_soil_PA-1680m-02_2016-08-2017-09.csv","PA-1680m-02","/Users/meeralee/Google Drive/Research/Microclimate/data/Microclimate data/2016-2017 Soil/PA-1680m-02.csv",4465,2,"2016-08-30 17:00:00","2017-09-06 17:00:00","2016-08-2017-09",0.121,43.723,TRUE,FALSE,FALSE,FALSE,"PDT",2017,"soil","PA-1680m-02",0.334951790633609,"2016-10-15","2017-07-05",239,0.121,FALSE,FALSE,FALSE,FALSE,FALSE,FALSE,FALSE,186
"159","MLS_soil_PA-1680m-03_2015-09-2016-08.csv","PA-1680m-03","/Users/meeralee/Google Drive/Research/Microclimate/data/Microclimate data/2015-2016 Soil/PA-1680m-03.csv",4260,2,"2015-09-10 15:00:00","2016-08-30 13:00:00","2015-09-2016-08",0.121,16.332,TRUE,FALSE,FALSE,FALSE,"PDT",2016,"soil","PA-1680m-03",0.703132470119522,"2015-10-27","2016-06-24",237,0.121,FALSE,FALSE,FALSE,FALSE,FALSE,FALSE,FALSE,176
"160","MLS_soil_PA-1680m-03_2016-08-2017-09.csv","PA-1680m-03","/Users/meeralee/Google Drive/Research/Microclimate/data/Microclimate data/2016-2017 Soil/PA-1680m-03.csv",4465,2,"2016-08-30 17:00:00","2017-09-06 17:00:00","2016-08-2017-09",0.232,40.071,TRUE,FALSE,FALSE,FALSE,"PDT",2017,"soil","PA-1680m-03",0.776337769328264,"2016-10-16","2017-07-06",247,0.232,FALSE,FALSE,FALSE,FALSE,FALSE,FALSE,FALSE,187
"161","MLS_soil_PA-1680m-04_2016-08-2017-09.csv","PA-1680m-04","/Users/meeralee/Google Drive/Research/Microclimate/data/Microclimate data/2016-2017 Soil/PA-1680m-04.csv",4465,2,"2016-08-30 17:00:00","2017-09-06 17:00:00","2016-08-2017-09",0.121,45.703,TRUE,FALSE,FALSE,FALSE,"PDT",2017,"soil","PA-1680m-04",0.365078811369509,"2016-10-15","2017-07-04",257,0.121,FALSE,FALSE,FALSE,FALSE,FALSE,FALSE,FALSE,185
"162","MLS_soil_PA-1680m-04_Rem_2015-09-2016-08.csv","PA-1680m-04_Rem","/Users/meeralee/Google Drive/Research/Microclimate/data/Microclimate data/2015-2016 Soil/PA-1680m-04_Rem.csv",4260,2,"2015-09-10 15:00:00","2016-08-30 13:00:00","2015-09-2016-08",0.121,30.862,TRUE,FALSE,FALSE,FALSE,"PDT",2016,"soil","PA-1680m-04",0.184415369649805,"2015-10-27","2016-07-13",257,0.121,FALSE,FALSE,FALSE,FALSE,FALSE,FALSE,FALSE,195
"163","MLS_soil_PA-1680m-05_2016-08-2017-09.csv","PA-1680m-05","/Users/meeralee/Google Drive/Research/Microclimate/data/Microclimate data/2016-2017 Soil/PA-1680m-05.csv",4465,2,"2016-08-30 17:00:00","2017-09-06 17:00:00","2016-08-2017-09",0.121,44.334,TRUE,FALSE,FALSE,FALSE,"PDT",2017,"soil","PA-1680m-05",0.255915032679739,"2016-10-15","2017-07-01",255,0.121,FALSE,FALSE,FALSE,FALSE,FALSE,FALSE,FALSE,182
"164","MLS_soil_PA-1680m-06_2015-09-2016-08.csv","PA-1680m-06","/Users/meeralee/Google Drive/Research/Microclimate/data/Microclimate data/2015-2016 Soil/PA-1680m-06.csv",4260,2,"2015-09-10 15:00:00","2016-08-30 13:00:00","2015-09-2016-08",0.121,23.677,TRUE,FALSE,FALSE,FALSE,"PDT",2016,"soil","PA-1680m-06",0.393583717357911,"2015-10-27","2016-06-16",217,0.121,FALSE,FALSE,FALSE,FALSE,FALSE,FALSE,FALSE,168
"165","MLS_soil_PA-1680m-06_2016-08-2017-09.csv","PA-1680m-06","/Users/meeralee/Google Drive/Research/Microclimate/data/Microclimate data/2016-2017 Soil/PA-1680m-06.csv",4465,2,"2016-08-30 17:00:00","2017-09-06 17:00:00","2016-08-2017-09",0.121,41.928,TRUE,FALSE,FALSE,FALSE,"PDT",2017,"soil","PA-1680m-06",0.362978142076503,"2016-10-15","2017-06-21",244,0.121,FALSE,FALSE,FALSE,FALSE,FALSE,FALSE,FALSE,172
"166","MLS_soil_PA-1680m-07_2015-09-2016-08.csv","PA-1680m-07","/Users/meeralee/Google Drive/Research/Microclimate/data/Microclimate data/2015-2016 Soil/PA-1680m-07.csv",4260,2,"2015-09-10 15:00:00","2016-08-30 13:00:00","2015-09-2016-08",0.121,23.484,TRUE,FALSE,FALSE,FALSE,"PDT",2016,"soil","PA-1680m-07",0.286323627844712,"2015-10-27","2016-07-05",249,0.121,FALSE,FALSE,FALSE,FALSE,FALSE,FALSE,FALSE,187
"167","MLS_soil_PA-1680m-07_2016-08-2017-09.csv","PA-1680m-07","/Users/meeralee/Google Drive/Research/Microclimate/data/Microclimate data/2016-2017 Soil/PA-1680m-07.csv",4465,2,"2016-08-30 17:00:00","2017-09-06 17:00:00","2016-08-2017-09",0.232,43.48,TRUE,FALSE,FALSE,FALSE,"PDT",2017,"soil","PA-1680m-07",0.328868959107807,"2016-10-15","2017-07-15",269,0.232,FALSE,FALSE,FALSE,FALSE,FALSE,FALSE,FALSE,196
"168","MLS_soil_PA-1680m-07_Rem_2015-09-2016-08.csv","PA-1680m-07_Rem","/Users/meeralee/Google Drive/Research/Microclimate/data/Microclimate data/2015-2016 Soil/PA-1680m-07_Rem.csv",4261,2,"2015-09-10 15:00:00","2016-08-30 15:00:00","2015-09-2016-08",0.121,21.282,TRUE,FALSE,FALSE,FALSE,"PDT",2016,"soil","PA-1680m-07",0.856755364806867,"2015-10-27","2016-06-16",219,0.121,FALSE,FALSE,FALSE,FALSE,FALSE,FALSE,FALSE,168
"169","MLS_soil_PA-1680m-08_2015-09-2016-08.csv","PA-1680m-08","/Users/meeralee/Google Drive/Research/Microclimate/data/Microclimate data/2015-2016 Soil/PA-1680m-08.csv",4260,2,"2015-09-10 15:00:00","2016-08-30 13:00:00","2015-09-2016-08",0.121,31.064,TRUE,FALSE,FALSE,FALSE,"PDT",2016,"soil","PA-1680m-08",0.19303649870801,"2015-10-27","2016-07-13",257,0.121,FALSE,FALSE,FALSE,FALSE,FALSE,FALSE,FALSE,195
"170","MLS_soil_PA-1680m-08_2016-08-2017-09.csv","PA-1680m-08","/Users/meeralee/Google Drive/Research/Microclimate/data/Microclimate data/2016-2017 Soil/PA-1680m-08.csv",4465,2,"2016-08-30 17:00:00","2017-09-06 17:00:00","2016-08-2017-09",0.121,39.615,TRUE,FALSE,FALSE,FALSE,"PDT",2017,"soil","PA-1680m-08",0.231031774580336,"2016-10-15","2017-07-20",278,0.121,FALSE,FALSE,FALSE,FALSE,FALSE,FALSE,FALSE,201
"171","MLS_soil_PA-1680m-09_2015-09-2016-08.csv","PA-1680m-09","/Users/meeralee/Google Drive/Research/Microclimate/data/Microclimate data/2015-2016 Soil/PA-1680m-09.csv",4260,2,"2015-09-10 13:00:00","2016-08-30 11:00:00","2015-09-2016-08",0.01,23.869,TRUE,FALSE,FALSE,FALSE,"PDT",2016,"soil","PA-1680m-09",0.205633199464525,"2015-10-27","2016-07-06",249,0.01,FALSE,FALSE,FALSE,FALSE,FALSE,FALSE,FALSE,188
"172","MLS_soil_PA-1680m-09_2016-08-2017-09.csv","PA-1680m-09","/Users/meeralee/Google Drive/Research/Microclimate/data/Microclimate data/2016-2017 Soil/PA-1680m-09.csv",4465,2,"2016-08-30 17:00:00","2017-09-06 17:00:00","2016-08-2017-09",-6.12,46.21,TRUE,FALSE,FALSE,FALSE,"PDT",2017,"soil","PA-1680m-09",0.137381167268351,"2016-10-15","2017-07-18",277,-6.12,FALSE,FALSE,FALSE,FALSE,FALSE,FALSE,FALSE,199
"173","MLS_soil_PA-1680m-10_Rem_2015-09-2016-08.csv","PA-1680m-10_Rem","/Users/meeralee/Google Drive/Research/Microclimate/data/Microclimate data/2015-2016 Soil/PA-1680m-10_Rem.csv",4263,2,"2015-09-10 15:00:00","2016-08-30 19:00:00","2015-09-2016-08",0.121,25.028,TRUE,FALSE,FALSE,FALSE,"PDT",2016,"soil","PA-1680m-10",0.1944609375,"2015-10-27","2016-07-13",256,0.121,FALSE,FALSE,FALSE,FALSE,FALSE,FALSE,FALSE,195
"174","MLS_soil_PA-1690-6_2017-09-2018-09.csv","PA-1690-6","/Users/meeralee/Google Drive/Research/Microclimate/data/Microclimate data/2017-2018 Soil/PA-1690-6.csv",4459,2,"2017-09-07 07:00:00","2018-09-13 19:00:00","2017-09-2018-09",0.121,26,TRUE,FALSE,FALSE,FALSE,"PDT",2018,"soil","PA-1690-6",0.393272423025435,"2017-09-20","2018-06-14",248,0.121,FALSE,FALSE,FALSE,FALSE,FALSE,FALSE,FALSE,165
"175","MLS_soil_PA-1690-7_2017-09-2018-09.csv","PA-1690-7","/Users/meeralee/Google Drive/Research/Microclimate/data/Microclimate data/2017-2018 Soil/PA-1690-7.csv",4459,2,"2017-09-07 07:00:00","2018-09-13 19:00:00","2017-09-2018-09",0.121,26.488,TRUE,FALSE,FALSE,FALSE,"PDT",2018,"soil","PA-1690-7",0.348678614097969,"2017-10-09","2018-07-11",276,0.121,FALSE,FALSE,FALSE,FALSE,FALSE,FALSE,FALSE,192
"176","MLS_soil_PA-1791-01_2016-08-2017-09.csv","PA-1791-01","/Users/meeralee/Google Drive/Research/Microclimate/data/Microclimate data/2016-2017 Soil/PA-1791-01.csv",4467,2,"2016-08-31 15:00:00","2017-09-07 19:00:00","2016-08-2017-09",0.121,27.665,TRUE,FALSE,FALSE,FALSE,"PDT",2017,"soil","PA-1791-01",0.486196654040404,"2016-10-16","2017-07-07",260,0.121,FALSE,FALSE,FALSE,FALSE,FALSE,FALSE,FALSE,188
"177","MLS_soil_PA-1791-02_2016-08-2017-09.csv","PA-1791-02","/Users/meeralee/Google Drive/Research/Microclimate/data/Microclimate data/2016-2017 Soil/PA-1791-02.csv",4467,2,"2016-08-31 15:00:00","2017-09-07 19:00:00","2016-08-2017-09",-1.914,27.468,TRUE,FALSE,FALSE,FALSE,"PDT",2017,"soil","PA-1791-02",0.113276892430279,"2016-10-15","2017-07-05",248,-1.914,FALSE,FALSE,FALSE,FALSE,FALSE,FALSE,FALSE,186
"178","MLS_soil_PA-1791-03_2016-08-2017-09.csv","PA-1791-03","/Users/meeralee/Google Drive/Research/Microclimate/data/Microclimate data/2016-2017 Soil/PA-1791-03.csv",4467,2,"2016-08-31 15:00:00","2017-09-07 19:00:00","2016-08-2017-09",0.121,26.585,TRUE,FALSE,FALSE,FALSE,"PDT",2017,"soil","PA-1791-03",0.411219611528822,"2016-10-15","2017-07-06",265,0.121,FALSE,FALSE,FALSE,FALSE,FALSE,FALSE,FALSE,187
"179","MLS_soil_PA-1791-04_2016-08-2017-09.csv","PA-1791-04","/Users/meeralee/Google Drive/Research/Microclimate/data/Microclimate data/2016-2017 Soil/PA-1791-04.csv",4467,2,"2016-08-31 15:00:00","2017-09-07 19:00:00","2016-08-2017-09",0.232,26.097,TRUE,FALSE,FALSE,FALSE,"PDT",2017,"soil","PA-1791-04",0.393458646616541,"2016-10-16","2017-07-07",264,0.232,FALSE,FALSE,FALSE,FALSE,FALSE,FALSE,FALSE,188
"180","MLS_soil_PA-1791-05_2016-08-2017-09.csv","PA-1791-05","/Users/meeralee/Google Drive/Research/Microclimate/data/Microclimate data/2016-2017 Soil/PA-1791-05.csv",4467,2,"2016-08-31 15:00:00","2017-09-07 19:00:00","2016-08-2017-09",0.121,29.152,TRUE,FALSE,FALSE,FALSE,"PDT",2017,"soil","PA-1791-05",0.350480793060719,"2016-10-16","2017-07-11",267,0.121,FALSE,FALSE,FALSE,FALSE,FALSE,FALSE,FALSE,192
"181","MLS_soil_PA-1791-06_2016-08-2017-09.csv","PA-1791-06","/Users/meeralee/Google Drive/Research/Microclimate/data/Microclimate data/2016-2017 Soil/PA-1791-06.csv",4467,2,"2016-08-31 15:00:00","2017-09-07 19:00:00","2016-08-2017-09",0.232,27.272,TRUE,FALSE,FALSE,FALSE,"PDT",2017,"soil","PA-1791-06",0.356689583333333,"2016-10-15","2017-07-21",280,0.232,FALSE,FALSE,FALSE,FALSE,FALSE,FALSE,FALSE,202
"182","MLS_soil_PA-1791-07_2016-08-2017-09.csv","PA-1791-07","/Users/meeralee/Google Drive/Research/Microclimate/data/Microclimate data/2016-2017 Soil/PA-1791-07.csv",4467,2,"2016-08-31 15:00:00","2017-09-07 19:00:00","2016-08-2017-09",0.01,25.513,TRUE,FALSE,FALSE,FALSE,"PDT",2017,"soil","PA-1791-07",0.173403263403263,"2016-10-15","2017-07-28",286,0.01,FALSE,FALSE,FALSE,FALSE,FALSE,FALSE,FALSE,209
"183","MLS_soil_PA-1791-08_2016-08-2017-09.csv","PA-1791-08","/Users/meeralee/Google Drive/Research/Microclimate/data/Microclimate data/2016-2017 Soil/PA-1791-08.csv",4467,2,"2016-08-31 15:00:00","2017-09-07 19:00:00","2016-08-2017-09",0.01,28.655,TRUE,FALSE,FALSE,FALSE,"PDT",2017,"soil","PA-1791-08",0.221389976275208,"2016-10-16","2017-07-21",279,0.01,FALSE,FALSE,FALSE,FALSE,FALSE,FALSE,FALSE,202
"184","MLS_soil_PA-1791-09_2016-08-2017-09.csv","PA-1791-09","/Users/meeralee/Google Drive/Research/Microclimate/data/Microclimate data/2016-2017 Soil/PA-1791-09.csv",4467,2,"2016-08-31 15:00:00","2017-09-07 19:00:00","2016-08-2017-09",0.121,28.853,TRUE,FALSE,FALSE,FALSE,"PDT",2017,"soil","PA-1791-09",0.30436755952381,"2016-10-15","2017-07-21",280,0.121,FALSE,FALSE,FALSE,FALSE,FALSE,FALSE,FALSE,202
"185","MLS_soil_PA-1791-2_2017-09-2018-09.csv","PA-1791-2","/Users/meeralee/Google Drive/Research/Microclimate/data/Microclimate data/2017-2018 Soil/PA-1791-2.csv",4445,2,"2017-09-08 11:00:00","2018-09-13 19:00:00","2017-09-2018-09",0.121,21.282,TRUE,FALSE,FALSE,FALSE,"PDT",2018,"soil","PA-1791-2",0.530709504685408,"2017-10-09","2018-06-22",244,0.121,FALSE,FALSE,FALSE,FALSE,FALSE,FALSE,FALSE,173
"186","MLS_soil_PA-1791-3_2017-09-2018-09.csv","PA-1791-3","/Users/meeralee/Google Drive/Research/Microclimate/data/Microclimate data/2017-2018 Soil/PA-1791-3.csv",4445,2,"2017-09-08 11:00:00","2018-09-13 19:00:00","2017-09-2018-09",0.01,38.49,TRUE,FALSE,FALSE,FALSE,"PDT",2018,"soil","PA-1791-3",0.210925189393939,"2017-09-20","2018-06-26",263,0.01,FALSE,FALSE,FALSE,FALSE,FALSE,FALSE,FALSE,177
"187","MLS_soil_PA-1791-4_2017-09-2018-09.csv","PA-1791-4","/Users/meeralee/Google Drive/Research/Microclimate/data/Microclimate data/2017-2018 Soil/PA-1791-4.csv",4445,2,"2017-09-08 11:00:00","2018-09-13 19:00:00","2017-09-2018-09",0.121,24.835,TRUE,FALSE,FALSE,FALSE,"PDT",2018,"soil","PA-1791-4",0.509331380208333,"2017-10-11","2018-06-18",247,0.121,FALSE,FALSE,FALSE,FALSE,FALSE,FALSE,FALSE,169
"188","MLS_soil_PA-1791-5_2017-09-2018-09.csv","PA-1791-5","/Users/meeralee/Google Drive/Research/Microclimate/data/Microclimate data/2017-2018 Soil/PA-1791-5.csv",4445,2,"2017-09-08 11:00:00","2018-09-13 19:00:00","2017-09-2018-09",0.121,29.152,TRUE,FALSE,FALSE,FALSE,"PDT",2018,"soil","PA-1791-5",0.431045512820513,"2017-10-11","2018-07-01",255,0.121,FALSE,FALSE,FALSE,FALSE,FALSE,FALSE,FALSE,182
"189","MLS_soil_PA-1791-6_2017-09-2018-09.csv","PA-1791-6","/Users/meeralee/Google Drive/Research/Microclimate/data/Microclimate data/2017-2018 Soil/PA-1791-6.csv",4445,2,"2017-09-08 11:00:00","2018-09-13 19:00:00","2017-09-2018-09",0.232,28.953,TRUE,FALSE,FALSE,FALSE,"PDT",2018,"soil","PA-1791-6",0.478587752525253,"2017-10-15","2018-07-06",256,0.232,FALSE,FALSE,FALSE,FALSE,FALSE,FALSE,FALSE,187
"190","MLS_soil_PA-1791-7_2017-09-2018-09.csv","PA-1791-7","/Users/meeralee/Google Drive/Research/Microclimate/data/Microclimate data/2017-2018 Soil/PA-1791-7.csv",4445,2,"2017-09-08 11:00:00","2018-09-13 19:00:00","2017-09-2018-09",0.121,23.773,TRUE,FALSE,FALSE,FALSE,"PDT",2018,"soil","PA-1791-7",0.253605292792793,"2017-09-22","2018-07-24",290,0.121,FALSE,FALSE,FALSE,FALSE,FALSE,FALSE,FALSE,205
"191","MLS_soil_PA-1791-8_2017-09-2018-09.csv","PA-1791-8","/Users/meeralee/Google Drive/Research/Microclimate/data/Microclimate data/2017-2018 Soil/PA-1791-8.csv",4445,2,"2017-09-08 11:00:00","2018-09-13 19:00:00","2017-09-2018-09",0.01,23.773,TRUE,FALSE,FALSE,FALSE,"PDT",2018,"soil","PA-1791-8",0.3664410430839,"2017-10-11","2018-07-19",282,0.01,FALSE,FALSE,FALSE,FALSE,FALSE,FALSE,FALSE,200
"192","MLS_soil_PA-1791-9_2017-09-2018-09.csv","PA-1791-9","/Users/meeralee/Google Drive/Research/Microclimate/data/Microclimate data/2017-2018 Soil/PA-1791-9.csv",4445,2,"2017-09-08 11:00:00","2018-09-13 19:00:00","2017-09-2018-09",0.121,27.272,TRUE,FALSE,FALSE,FALSE,"PDT",2018,"soil","PA-1791-9",0.410337962962963,"2017-10-08","2018-07-14",280,0.121,FALSE,FALSE,FALSE,FALSE,FALSE,FALSE,FALSE,195
"193","MLS_soil_PA-1791m-01_2015-09-2016-08.csv","PA-1791m-01","/Users/meeralee/Google Drive/Research/Microclimate/data/Microclimate data/2015-2016 Soil/PA-1791m-01.csv",4258,2,"2015-09-11 17:00:00","2016-08-31 11:00:00","2015-09-2016-08",0.121,19.948,TRUE,FALSE,FALSE,FALSE,"PDT",2016,"soil","PA-1791m-01",0.512814926372155,"2015-10-29","2016-06-30",243,0.121,FALSE,FALSE,FALSE,FALSE,FALSE,FALSE,FALSE,182
"194","MLS_soil_PA-1791m-01s_Rem_2015-09-2016-08.csv","PA-1791m-01s_Rem","/Users/meeralee/Google Drive/Research/Microclimate/data/Microclimate data/2015-2016 Soil/PA-1791m-01s_Rem.csv",4258,2,"2015-09-11 17:00:00","2016-08-31 11:00:00","2015-09-2016-08",0.01,23.966,TRUE,FALSE,FALSE,FALSE,"PDT",2016,"soil","PA-1791m-01s",0.377234848484849,"2015-11-02","2016-06-29",241,0.01,FALSE,FALSE,FALSE,FALSE,FALSE,FALSE,FALSE,181
"195","MLS_soil_PA-1791m-02_2015-09-2016-08.csv","PA-1791m-02","/Users/meeralee/Google Drive/Research/Microclimate/data/Microclimate data/2015-2016 Soil/PA-1791m-02.csv",4258,2,"2015-09-11 17:00:00","2016-08-31 11:00:00","2015-09-2016-08",0.121,20.71,TRUE,FALSE,FALSE,FALSE,"PDT",2016,"soil","PA-1791m-02",0.422297569444444,"2015-11-02","2016-06-21",233,0.121,FALSE,FALSE,FALSE,FALSE,FALSE,FALSE,FALSE,173
"196","MLS_soil_PA-1791m-03_2015-09-2016-08.csv","PA-1791m-03","/Users/meeralee/Google Drive/Research/Microclimate/data/Microclimate data/2015-2016 Soil/PA-1791m-03.csv",4258,2,"2015-09-11 17:00:00","2016-08-31 11:00:00","2015-09-2016-08",0.232,29.252,TRUE,FALSE,FALSE,FALSE,"PDT",2016,"soil","PA-1791m-03",0.482690725244073,"2015-10-28","2016-06-22",237,0.232,FALSE,FALSE,FALSE,FALSE,FALSE,FALSE,FALSE,174
"197","MLS_soil_PA-1791m-03_Rem_2015-09-2016-08.csv","PA-1791m-03_Rem","/Users/meeralee/Google Drive/Research/Microclimate/data/Microclimate data/2015-2016 Soil/PA-1791m-03_Rem.csv",4258,2,"2015-09-11 17:00:00","2016-08-31 11:00:00","2015-09-2016-08",0.121,23.004,TRUE,FALSE,FALSE,FALSE,"PDT",2016,"soil","PA-1791m-03",0.432024011299435,"2015-11-02","2016-06-20",232,0.121,FALSE,FALSE,FALSE,FALSE,FALSE,FALSE,FALSE,172
"198","MLS_soil_PA-1791m-04_2015-09-2016-08.csv","PA-1791m-04","/Users/meeralee/Google Drive/Research/Microclimate/data/Microclimate data/2015-2016 Soil/PA-1791m-04.csv",4258,2,"2015-09-11 17:00:00","2016-08-31 11:00:00","2015-09-2016-08",0.121,29.352,TRUE,FALSE,FALSE,FALSE,"PDT",2016,"soil","PA-1791m-04",0.39594341563786,"2015-10-27","2016-06-28",242,0.121,FALSE,FALSE,FALSE,FALSE,FALSE,FALSE,FALSE,180
"199","MLS_soil_PA-1791m-05_2015-09-2016-08.csv","PA-1791m-05","/Users/meeralee/Google Drive/Research/Microclimate/data/Microclimate data/2015-2016 Soil/PA-1791m-05.csv",4258,2,"2015-09-11 17:00:00","2016-08-31 11:00:00","2015-09-2016-08",0.232,30.054,TRUE,FALSE,FALSE,FALSE,"PDT",2016,"soil","PA-1791m-05",0.424018027210884,"2015-10-29","2016-06-29",243,0.232,FALSE,FALSE,FALSE,FALSE,FALSE,FALSE,FALSE,181
"200","MLS_soil_PA-1791m-05_Rem_2015-09-2016-09.csv","PA-1791m-05_Rem","/Users/meeralee/Google Drive/Research/Microclimate/data/Microclimate data/2015-2016 Soil/PA-1791m-05_Rem.csv",4268,2,"2015-09-11 17:00:00","2016-09-01 07:00:00","2015-09-2016-09",0.01,24.931,TRUE,FALSE,FALSE,FALSE,"PDT",2016,"soil","PA-1791m-05",0.243939153439153,"2015-10-26","2016-07-05",252,0.01,FALSE,FALSE,FALSE,FALSE,FALSE,FALSE,FALSE,187
"201","MLS_soil_PA-1791m-06_2015-09-2016-08.csv","PA-1791m-06","/Users/meeralee/Google Drive/Research/Microclimate/data/Microclimate data/2015-2016 Soil/PA-1791m-06.csv",4258,2,"2015-09-11 17:00:00","2016-08-31 11:00:00","2015-09-2016-08",0.01,30.457,TRUE,FALSE,FALSE,FALSE,"PDT",2016,"soil","PA-1791m-06",0.173032101167315,"2015-10-29","2016-07-11",255,0.01,FALSE,FALSE,FALSE,FALSE,FALSE,FALSE,FALSE,193
"202","MLS_soil_PA-1791m-06_Rem_2015-09-2016-08.csv","PA-1791m-06_Rem","/Users/meeralee/Google Drive/Research/Microclimate/data/Microclimate data/2015-2016 Soil/PA-1791m-06_Rem.csv",4258,2,"2015-09-11 17:00:00","2016-08-31 11:00:00","2015-09-2016-08",0.121,25.125,TRUE,FALSE,FALSE,FALSE,"PDT",2016,"soil","PA-1791m-06",0.285708333333333,"2015-11-01","2016-07-16",259,0.121,FALSE,FALSE,FALSE,FALSE,FALSE,FALSE,FALSE,198
"203","MLS_soil_PA-1791m-07_2015-09-2016-08.csv","PA-1791m-07","/Users/meeralee/Google Drive/Research/Microclimate/data/Microclimate data/2015-2016 Soil/PA-1791m-07.csv",4258,2,"2015-09-11 17:00:00","2016-08-31 11:00:00","2015-09-2016-08",0.121,27.665,TRUE,FALSE,FALSE,FALSE,"PDT",2016,"soil","PA-1791m-07",0.217148456790123,"2015-10-26","2016-07-24",270,0.121,FALSE,FALSE,FALSE,FALSE,FALSE,FALSE,FALSE,206
"204","MLS_soil_PA-1791m-07s_Rem_2015-09-2016-08.csv","PA-1791m-07s_Rem","/Users/meeralee/Google Drive/Research/Microclimate/data/Microclimate data/2015-2016 Soil/PA-1791m-07s_Rem.csv",4258,2,"2015-09-11 17:00:00","2016-08-31 11:00:00","2015-09-2016-08",0.121,25.416,TRUE,FALSE,FALSE,FALSE,"PDT",2016,"soil","PA-1791m-07s",0.447143689986283,"2015-10-29","2016-06-26",240,0.121,FALSE,FALSE,FALSE,FALSE,FALSE,FALSE,FALSE,178
"205","MLS_soil_PA-1791m-08_2015-09-2016-08.csv","PA-1791m-08","/Users/meeralee/Google Drive/Research/Microclimate/data/Microclimate data/2015-2016 Soil/PA-1791m-08.csv",4258,2,"2015-09-11 17:00:00","2016-08-31 11:00:00","2015-09-2016-08",0.121,25.222,TRUE,FALSE,FALSE,FALSE,"PDT",2016,"soil","PA-1791m-08",0.348084605597964,"2015-10-29","2016-07-15",258,0.121,FALSE,FALSE,FALSE,FALSE,FALSE,FALSE,FALSE,197
"206","MLS_soil_PA-1791m-08_Rem_2015-09-2016-08.csv","PA-1791m-08_Rem","/Users/meeralee/Google Drive/Research/Microclimate/data/Microclimate data/2015-2016 Soil/PA-1791m-08_Rem.csv",4258,2,"2015-09-11 17:00:00","2016-08-31 11:00:00","2015-09-2016-08",0.121,26.683,TRUE,FALSE,FALSE,FALSE,"PDT",2016,"soil","PA-1791m-08",0.26493897149938,"2015-10-28","2016-07-22",266,0.121,FALSE,FALSE,FALSE,FALSE,FALSE,FALSE,FALSE,204
"207","MLS_soil_PA-1791m-09_2015-09-2016-08.csv","PA-1791m-09","/Users/meeralee/Google Drive/Research/Microclimate/data/Microclimate data/2015-2016 Soil/PA-1791m-09.csv",4258,2,"2015-09-11 17:00:00","2016-08-31 11:00:00","2015-09-2016-08",0.121,27.272,TRUE,FALSE,FALSE,FALSE,"PDT",2016,"soil","PA-1791m-09",0.334696705426357,"2015-11-02","2016-07-13",255,0.121,FALSE,FALSE,FALSE,FALSE,FALSE,FALSE,FALSE,195
"208","MLS_soil_PA-1901-01_2016-09-2017-09.csv","PA-1901-01","/Users/meeralee/Google Drive/Research/Microclimate/data/Microclimate data/2016-2017 Soil/PA-1901-01.csv",4456,2,"2016-09-01 13:00:00","2017-09-07 19:00:00","2016-09-2017-09",0.121,37.494,TRUE,FALSE,FALSE,FALSE,"PDT",2017,"soil","PA-1901-01",0.226577672955975,"2016-10-05","2017-07-03",263,0.121,FALSE,FALSE,FALSE,FALSE,FALSE,FALSE,FALSE,184
"209","MLS_soil_PA-1901-01_2017-09-2018-09.csv","PA-1901-01","/Users/meeralee/Google Drive/Research/Microclimate/data/Microclimate data/2017-2018 Soil/PA-1901-01.csv",4445,2,"2017-09-08 11:00:00","2018-09-13 19:00:00","2017-09-2018-09",0.121,31.472,TRUE,FALSE,FALSE,FALSE,"PDT",2018,"soil","PA-1901-01",0.339692506459948,"2017-10-08","2018-06-22",251,0.121,FALSE,FALSE,FALSE,FALSE,FALSE,FALSE,FALSE,173
"210","MLS_soil_PA-1901-02_2016-09-2017-09.csv","PA-1901-02","/Users/meeralee/Google Drive/Research/Microclimate/data/Microclimate data/2016-2017 Soil/PA-1901-02.csv",4456,2,"2016-09-01 13:00:00","2017-09-07 19:00:00","2016-09-2017-09",0.121,30.76,TRUE,FALSE,FALSE,FALSE,"PDT",2017,"soil","PA-1901-02",0.317594189016603,"2016-10-07","2017-06-30",260,0.121,FALSE,FALSE,FALSE,FALSE,FALSE,FALSE,FALSE,181
"211","MLS_soil_PA-1901-03_2016-09-2017-09.csv","PA-1901-03","/Users/meeralee/Google Drive/Research/Microclimate/data/Microclimate data/2016-2017 Soil/PA-1901-03.csv",4456,2,"2016-09-01 13:00:00","2017-09-07 19:00:00","2016-09-2017-09",-0.549,28.853,TRUE,FALSE,FALSE,FALSE,"PDT",2017,"soil","PA-1901-03",0.31008537414966,"2016-10-15","2017-06-15",244,-0.549,FALSE,FALSE,FALSE,FALSE,FALSE,FALSE,FALSE,166
"212","MLS_soil_PA-1901-03_2017-09-2018-09.csv","PA-1901-03","/Users/meeralee/Google Drive/Research/Microclimate/data/Microclimate data/2017-2018 Soil/PA-1901-03.csv",4447,2,"2017-09-08 07:00:00","2018-09-13 19:00:00","2017-09-2018-09",0.121,29.053,TRUE,FALSE,FALSE,FALSE,"PDT",2018,"soil","PA-1901-03",0.443943790849673,"2017-10-08","2018-06-16",246,0.121,FALSE,FALSE,FALSE,FALSE,FALSE,FALSE,FALSE,167
"213","MLS_soil_PA-1901-04_2016-09-2017-09.csv","PA-1901-04","/Users/meeralee/Google Drive/Research/Microclimate/data/Microclimate data/2016-2017 Soil/PA-1901-04.csv",4456,2,"2016-09-01 13:00:00","2017-09-07 19:00:00","2016-09-2017-09",0.121,32.807,TRUE,FALSE,FALSE,FALSE,"PDT",2017,"soil","PA-1901-04",0.227219590643275,"2016-10-05","2017-07-19",283,0.121,FALSE,FALSE,FALSE,FALSE,FALSE,FALSE,FALSE,200
"214","MLS_soil_PA-1901-04_2017-09-2018-09.csv","PA-1901-04","/Users/meeralee/Google Drive/Research/Microclimate/data/Microclimate data/2017-2018 Soil/PA-1901-04.csv",4447,2,"2017-09-08 07:00:00","2018-09-13 19:00:00","2017-09-2018-09",0.121,31.778,TRUE,FALSE,FALSE,FALSE,"PDT",2018,"soil","PA-1901-04",0.338139730639731,"2017-09-20","2018-07-17",296,0.121,FALSE,FALSE,FALSE,FALSE,FALSE,FALSE,FALSE,198
"215","MLS_soil_PA-1901-05_2016-09-2017-09.csv","PA-1901-05","/Users/meeralee/Google Drive/Research/Microclimate/data/Microclimate data/2016-2017 Soil/PA-1901-05.csv",4456,2,"2016-09-01 13:00:00","2017-09-07 19:00:00","2016-09-2017-09",-0.774,30.154,TRUE,FALSE,FALSE,FALSE,"PDT",2017,"soil","PA-1901-05",0.326995471014493,"2016-10-05","2017-07-13",276,-0.774,FALSE,FALSE,FALSE,FALSE,FALSE,FALSE,FALSE,194
"216","MLS_soil_PA-1901-05_2017-09-2018-09.csv","PA-1901-05","/Users/meeralee/Google Drive/Research/Microclimate/data/Microclimate data/2017-2018 Soil/PA-1901-05.csv",4447,2,"2017-09-08 07:00:00","2018-09-13 19:00:00","2017-09-2018-09",0.121,23.196,TRUE,FALSE,FALSE,FALSE,"PDT",2018,"soil","PA-1901-05",0.408530459770115,"2017-10-04","2018-07-12",282,0.121,FALSE,FALSE,FALSE,FALSE,FALSE,FALSE,FALSE,193
"217","MLS_soil_PA-1901-06_2016-09-2017-09.csv","PA-1901-06","/Users/meeralee/Google Drive/Research/Microclimate/data/Microclimate data/2016-2017 Soil/PA-1901-06.csv",4456,2,"2016-09-01 13:00:00","2017-09-07 19:00:00","2016-09-2017-09",-0.774,46.722,TRUE,FALSE,FALSE,FALSE,"PDT",2017,"soil","PA-1901-06",0.2872845373891,"2016-10-07","2017-07-01",260,-0.774,FALSE,FALSE,FALSE,FALSE,FALSE,FALSE,FALSE,182
"218","MLS_soil_PA-1901-06_2017-09-2018-09.csv","PA-1901-06","/Users/meeralee/Google Drive/Research/Microclimate/data/Microclimate data/2017-2018 Soil/PA-1901-06.csv",4447,2,"2017-09-08 07:00:00","2018-09-13 19:00:00","2017-09-2018-09",0.121,26.879,TRUE,FALSE,FALSE,FALSE,"PDT",2018,"soil","PA-1901-06",0.445950244200244,"2017-10-05","2018-06-28",263,0.121,FALSE,FALSE,FALSE,FALSE,FALSE,FALSE,FALSE,179
"219","MLS_soil_PA-1901-07_2016-09-2017-09.csv","PA-1901-07","/Users/meeralee/Google Drive/Research/Microclimate/data/Microclimate data/2016-2017 Soil/PA-1901-07.csv",4456,2,"2016-09-01 13:00:00","2017-09-07 19:00:00","2016-09-2017-09",0.121,31.88,TRUE,FALSE,FALSE,FALSE,"PDT",2017,"soil","PA-1901-07",0.211437570621469,"2016-10-05","2017-08-01",294,0.121,FALSE,FALSE,FALSE,FALSE,FALSE,FALSE,FALSE,213
"220","MLS_soil_PA-1901-07_2017-09-2018-09.csv","PA-1901-07","/Users/meeralee/Google Drive/Research/Microclimate/data/Microclimate data/2017-2018 Soil/PA-1901-07.csv",4446,2,"2017-09-08 07:00:00","2018-09-13 17:00:00","2017-09-2018-09",0.121,25.125,TRUE,FALSE,FALSE,FALSE,"PDT",2018,"soil","PA-1901-07",0.299335264900662,"2017-10-03","2018-07-25",294,0.121,FALSE,FALSE,FALSE,FALSE,FALSE,FALSE,FALSE,206
"221","MLS_soil_PA-1901-08_2016-09-2017-09.csv","PA-1901-08","/Users/meeralee/Google Drive/Research/Microclimate/data/Microclimate data/2016-2017 Soil/PA-1901-08.csv",4456,2,"2016-09-01 13:00:00","2017-09-07 19:00:00","2016-09-2017-09",0.121,32.394,TRUE,FALSE,FALSE,FALSE,"PDT",2017,"soil","PA-1901-08",0.241733274647887,"2016-10-05","2017-07-22",284,0.121,FALSE,FALSE,FALSE,FALSE,FALSE,FALSE,FALSE,203
"222","MLS_soil_PA-1901-08_2017-09-2018-09.csv","PA-1901-08","/Users/meeralee/Google Drive/Research/Microclimate/data/Microclimate data/2017-2018 Soil/PA-1901-08.csv",4447,2,"2017-09-08 07:00:00","2018-09-13 19:00:00","2017-09-2018-09",0.232,30.054,TRUE,FALSE,FALSE,FALSE,"PDT",2018,"soil","PA-1901-08",0.427559851088202,"2017-10-08","2018-07-16",282,0.232,FALSE,FALSE,FALSE,FALSE,FALSE,FALSE,FALSE,197
"223","MLS_soil_PA-1901-09_2016-09-2017-09.csv","PA-1901-09","/Users/meeralee/Google Drive/Research/Microclimate/data/Microclimate data/2016-2017 Soil/PA-1901-09.csv",4456,2,"2016-09-01 13:00:00","2017-09-07 19:00:00","2016-09-2017-09",0.121,30.255,TRUE,FALSE,FALSE,FALSE,"PDT",2017,"soil","PA-1901-09",0.329348844282238,"2016-10-05","2017-07-10",273,0.121,FALSE,FALSE,FALSE,FALSE,FALSE,FALSE,FALSE,191
"224","MLS_soil_PA-1901-09_2017-09-2018-09.csv","PA-1901-09","/Users/meeralee/Google Drive/Research/Microclimate/data/Microclimate data/2017-2018 Soil/PA-1901-09.csv",4447,2,"2017-09-08 07:00:00","2018-09-13 19:00:00","2017-09-2018-09",0.01,32.704,TRUE,FALSE,FALSE,FALSE,"PDT",2018,"soil","PA-1901-09",0.271624391727494,"2017-10-02","2018-07-05",269,0.01,FALSE,FALSE,FALSE,FALSE,FALSE,FALSE,FALSE,186
"225","MLS_soil_PA-1901-1_2017-09-2018-09.csv","PA-1901-1","/Users/meeralee/Google Drive/Research/Microclimate/data/Microclimate data/2017-2018 Soil/PA-1901-1.csv",4445,2,"2017-09-08 11:00:00","2018-09-13 19:00:00","2017-09-2018-09",0.121,31.472,TRUE,FALSE,FALSE,FALSE,"PDT",2018,"soil","PA-1901-1",0.339692506459948,"2017-10-08","2018-06-22",251,0.121,FALSE,FALSE,FALSE,FALSE,FALSE,FALSE,FALSE,173
"226","MLS_soil_PA-1901-2_2017-09-2018-09.csv","PA-1901-2","/Users/meeralee/Google Drive/Research/Microclimate/data/Microclimate data/2017-2018 Soil/PA-1901-2.csv",4445,2,"2017-09-08 11:00:00","2018-09-13 19:00:00","2017-09-2018-09",0.121,31.37,TRUE,FALSE,FALSE,FALSE,"PDT",2018,"soil","PA-1901-2",0.380617878787879,"2017-09-25","2018-06-30",268,0.121,FALSE,FALSE,FALSE,FALSE,FALSE,FALSE,FALSE,181
"227","MLS_soil_PA-1901m-01_2015-09-2016-09.csv","PA-1901m-01","/Users/meeralee/Google Drive/Research/Microclimate/data/Microclimate data/2015-2016 Soil/PA-1901m-01.csv",4270,2,"2015-09-11 15:00:00","2016-09-01 09:00:00","2015-09-2016-09",0.121,35.542,TRUE,FALSE,FALSE,FALSE,"PDT",2016,"soil","PA-1901m-01",0.199585048010974,"2015-10-26","2016-06-26",243,0.121,FALSE,FALSE,FALSE,FALSE,FALSE,FALSE,FALSE,178
"228","MLS_soil_PA-1901m-02_2015-09-2016-09.csv","PA-1901m-02","/Users/meeralee/Google Drive/Research/Microclimate/data/Microclimate data/2015-2016 Soil/PA-1901m-02.csv",4270,2,"2015-09-11 15:00:00","2016-09-01 09:00:00","2015-09-2016-09",0.121,31.778,TRUE,FALSE,FALSE,FALSE,"PDT",2016,"soil","PA-1901m-02",0.305548353909465,"2015-10-26","2016-06-26",243,0.121,FALSE,FALSE,FALSE,FALSE,FALSE,FALSE,FALSE,178
"229","MLS_soil_PA-1901m-03_2015-09-2016-09.csv","PA-1901m-03","/Users/meeralee/Google Drive/Research/Microclimate/data/Microclimate data/2015-2016 Soil/PA-1901m-03.csv",4270,2,"2015-09-11 15:00:00","2016-09-01 09:00:00","2015-09-2016-09",0.121,26.097,TRUE,FALSE,FALSE,FALSE,"PDT",2016,"soil","PA-1901m-03",0.267489015151515,"2015-10-27","2016-06-03",219,0.121,FALSE,FALSE,FALSE,FALSE,FALSE,FALSE,FALSE,155
"230","MLS_soil_PA-1901m-03_Rem_2015-09-2016-09.csv","PA-1901m-03_Rem","/Users/meeralee/Google Drive/Research/Microclimate/data/Microclimate data/2015-2016 Soil/PA-1901m-03_Rem.csv",4270,2,"2015-09-11 15:00:00","2016-09-01 09:00:00","2015-09-2016-09",0.121,34.796,TRUE,FALSE,FALSE,FALSE,"PDT",2016,"soil","PA-1901m-03",0.206770833333333,"2015-10-26","2016-06-15",224,0.121,FALSE,FALSE,FALSE,FALSE,FALSE,FALSE,FALSE,167
"231","MLS_soil_PA-1901m-03s_Rem_2015-09-2016-09.csv","PA-1901m-03s_Rem","/Users/meeralee/Google Drive/Research/Microclimate/data/Microclimate data/2015-2016 Soil/PA-1901m-03s_Rem.csv",4270,2,"2015-09-11 15:00:00","2016-09-01 09:00:00","2015-09-2016-09",0.121,28.754,TRUE,FALSE,FALSE,FALSE,"PDT",2016,"soil","PA-1901m-03s",0.376143346774194,"2015-10-26","2016-06-29",247,0.121,FALSE,FALSE,FALSE,FALSE,FALSE,FALSE,FALSE,181
"232","MLS_soil_PA-1901m-04_2015-09-2016-09.csv","PA-1901m-04","/Users/meeralee/Google Drive/Research/Microclimate/data/Microclimate data/2015-2016 Soil/PA-1901m-04.csv",4270,2,"2015-09-11 15:00:00","2016-09-01 09:00:00","2015-09-2016-09",0.121,30.76,TRUE,FALSE,FALSE,FALSE,"PDT",2016,"soil","PA-1901m-04",0.219942998760843,"2015-10-26","2016-07-20",269,0.121,FALSE,FALSE,FALSE,FALSE,FALSE,FALSE,FALSE,202
"233","MLS_soil_PA-1901m-05_2015-09-2016-09.csv","PA-1901m-05","/Users/meeralee/Google Drive/Research/Microclimate/data/Microclimate data/2015-2016 Soil/PA-1901m-05.csv",4270,2,"2015-09-11 15:00:00","2016-09-01 09:00:00","2015-09-2016-09",0.121,32.086,TRUE,FALSE,FALSE,FALSE,"PDT",2016,"soil","PA-1901m-05",0.214183524173028,"2015-10-26","2016-07-14",262,0.121,FALSE,FALSE,FALSE,FALSE,FALSE,FALSE,FALSE,196
"234","MLS_soil_PA-1901m-06_2015-09-2016-09.csv","PA-1901m-06","/Users/meeralee/Google Drive/Research/Microclimate/data/Microclimate data/2015-2016 Soil/PA-1901m-06.csv",4270,2,"2015-09-11 15:00:00","2016-09-01 09:00:00","2015-09-2016-09",0.01,25.222,TRUE,FALSE,FALSE,FALSE,"PDT",2016,"soil","PA-1901m-06",0.219124658469945,"2015-10-26","2016-06-27",244,0.01,FALSE,FALSE,FALSE,FALSE,FALSE,FALSE,FALSE,179
"235","MLS_soil_PA-1901m-06_Rem_2015-09-2016-09.csv","PA-1901m-06_Rem","/Users/meeralee/Google Drive/Research/Microclimate/data/Microclimate data/2015-2016 Soil/PA-1901m-06_Rem.csv",4270,2,"2015-09-11 15:00:00","2016-09-01 09:00:00","2015-09-2016-09",0.121,30.154,TRUE,FALSE,FALSE,FALSE,"PDT",2016,"soil","PA-1901m-06",0.260607947805457,"2015-10-26","2016-08-03",281,0.121,FALSE,FALSE,FALSE,FALSE,FALSE,FALSE,FALSE,216
"236","MLS_soil_PA-1901m-07_2015-09-2016-09.csv","PA-1901m-07","/Users/meeralee/Google Drive/Research/Microclimate/data/Microclimate data/2015-2016 Soil/PA-1901m-07.csv",4270,2,"2015-09-11 15:00:00","2016-09-01 09:00:00","2015-09-2016-09",0.121,25.222,TRUE,FALSE,FALSE,FALSE,"PDT",2016,"soil","PA-1901m-07",0.319120403321471,"2015-10-27","2016-08-02",280,0.121,FALSE,FALSE,FALSE,FALSE,FALSE,FALSE,FALSE,215
"237","MLS_soil_PA-1901m-08_2015-09-2016-09.csv","PA-1901m-08","/Users/meeralee/Google Drive/Research/Microclimate/data/Microclimate data/2015-2016 Soil/PA-1901m-08.csv",4270,2,"2015-09-11 15:00:00","2016-09-01 09:00:00","2015-09-2016-09",0.121,36.728,TRUE,FALSE,FALSE,FALSE,"PDT",2016,"soil","PA-1901m-08",0.251725030525031,"2015-10-26","2016-07-24",272,0.121,FALSE,FALSE,FALSE,FALSE,FALSE,FALSE,FALSE,206
"238","MLS_soil_PA-1901m-09_2015-09-2016-09.csv","PA-1901m-09","/Users/meeralee/Google Drive/Research/Microclimate/data/Microclimate data/2015-2016 Soil/PA-1901m-09.csv",4270,2,"2015-09-11 15:00:00","2016-09-01 09:00:00","2015-09-2016-09",0.121,28.853,TRUE,FALSE,FALSE,FALSE,"PDT",2016,"soil","PA-1901m-09",0.266256449553001,"2015-10-26","2016-07-12",260,0.121,FALSE,FALSE,FALSE,FALSE,FALSE,FALSE,FALSE,194
"239","MLS_soil_PA-1901m-09_Rem_2015-09-2016-09.csv","PA-1901m-09_Rem","/Users/meeralee/Google Drive/Research/Microclimate/data/Microclimate data/2015-2016 Soil/PA-1901m-09_Rem.csv",4270,2,"2015-09-11 15:00:00","2016-09-01 09:00:00","2015-09-2016-09",0.121,38.714,TRUE,FALSE,FALSE,FALSE,"PDT",2016,"soil","PA-1901m-09",0.195275,"2015-10-26","2016-07-12",260,0.121,FALSE,FALSE,FALSE,FALSE,FALSE,FALSE,FALSE,194
"240","MLS_soil_PA-1901m-09s_Rem_2015-09-2016-09.csv","PA-1901m-09s_Rem","/Users/meeralee/Google Drive/Research/Microclimate/data/Microclimate data/2015-2016 Soil/PA-1901m-09s_Rem.csv",4270,2,"2015-09-11 15:00:00","2016-09-01 09:00:00","2015-09-2016-09",0.121,23.966,TRUE,FALSE,FALSE,FALSE,"PDT",2016,"soil","PA-1901m-09s",0.269158756038647,"2015-10-26","2016-07-27",275,0.121,FALSE,FALSE,FALSE,FALSE,FALSE,FALSE,FALSE,209
"241","MLS_soil_PA-1901m-10_Rem_2015-09-2016-09.csv","PA-1901m-10_Rem","/Users/meeralee/Google Drive/Research/Microclimate/data/Microclimate data/2015-2016 Soil/PA-1901m-10_Rem.csv",4270,2,"2015-09-11 15:00:00","2016-09-01 09:00:00","2015-09-2016-09",0.121,31.676,TRUE,FALSE,FALSE,FALSE,"PDT",2016,"soil","PA-1901m-10",0.241029316546763,"2015-10-26","2016-07-30",277,0.121,FALSE,FALSE,FALSE,FALSE,FALSE,FALSE,FALSE,212
